"method","n.dims","left.out.obs","fn","fp"
"CCA-LDA",2,1,5,12
"CCA-LDA",2,2,6,9
"CCA-LDA",2,3,5,11
"CCA-LDA",2,4,4,11
"CCA-LDA",2,5,5,12
"CCA-LDA",2,6,5,11
"CCA-LDA",2,7,5,11
"CCA-LDA",2,8,4,12
"CCA-LDA",2,9,5,11
"CCA-LDA",2,10,5,11
"CCA-LDA",2,11,4,11
"CCA-LDA",2,12,5,11
"CCA-LDA",2,13,4,10
"CCA-LDA",2,14,6,10
"CCA-LDA",2,15,6,10
"CCA-LDA",2,16,5,11
"CCA-LDA",2,17,5,10
"CCA-LDA",2,18,5,9
"CCA-LDA",2,19,5,11
"CCA-LDA",2,20,5,11
"CCA-LDA",2,21,5,11
"CCA-LDA",2,22,5,11
"CCA-LDA",2,23,5,11
"CCA-LDA",2,24,5,11
"CCA-LDA",2,25,6,10
"CCA-LDA",2,26,5,11
"CCA-LDA",2,27,5,10
"CCA-LDA",2,28,5,11
"CCA-LDA",2,29,5,11
"CCA-LDA",2,30,5,9
"CCA-LDA",2,31,5,11
"CCA-LDA",2,32,5,11
"CCA-LDA",2,33,5,11
"CCA-LDA",2,34,5,11
"CCA-LDA",2,35,5,11
"CCA-LDA",2,36,5,11
"CCA-LDA",2,37,5,10
"CCA-LDA",2,38,6,10
"CCA-LDA",2,39,5,11
"CCA-LDA",2,40,5,10
"CCA-LDA",2,41,5,10
"CCA-LDA",2,42,5,10
"CCA-LDA",2,43,5,11
"CCA-LDA",3,1,4,9
"CCA-LDA",3,2,4,9
"CCA-LDA",3,3,4,9
"CCA-LDA",3,4,4,8
"CCA-LDA",3,5,4,9
"CCA-LDA",3,6,3,9
"CCA-LDA",3,7,4,9
"CCA-LDA",3,8,3,9
"CCA-LDA",3,9,4,9
"CCA-LDA",3,10,4,9
"CCA-LDA",3,11,4,8
"CCA-LDA",3,12,2,10
"CCA-LDA",3,13,3,8
"CCA-LDA",3,14,4,9
"CCA-LDA",3,15,4,9
"CCA-LDA",3,16,4,9
"CCA-LDA",3,17,4,8
"CCA-LDA",3,18,4,8
"CCA-LDA",3,19,4,9
"CCA-LDA",3,20,4,9
"CCA-LDA",3,21,4,9
"CCA-LDA",3,22,4,9
"CCA-LDA",3,23,4,9
"CCA-LDA",3,24,4,8
"CCA-LDA",3,25,4,9
"CCA-LDA",3,26,4,8
"CCA-LDA",3,27,4,9
"CCA-LDA",3,28,4,8
"CCA-LDA",3,29,4,9
"CCA-LDA",3,30,4,8
"CCA-LDA",3,31,4,8
"CCA-LDA",3,32,4,9
"CCA-LDA",3,33,4,8
"CCA-LDA",3,34,4,9
"CCA-LDA",3,35,4,8
"CCA-LDA",3,36,4,9
"CCA-LDA",3,37,4,8
"CCA-LDA",3,38,4,9
"CCA-LDA",3,39,4,8
"CCA-LDA",3,40,4,9
"CCA-LDA",3,41,4,8
"CCA-LDA",3,42,4,8
"CCA-LDA",3,43,4,9
"CCA-LDA",4,1,2,7
"CCA-LDA",4,2,2,8
"CCA-LDA",4,3,4,7
"CCA-LDA",4,4,3,6
"CCA-LDA",4,5,4,6
"CCA-LDA",4,6,2,7
"CCA-LDA",4,7,2,8
"CCA-LDA",4,8,3,9
"CCA-LDA",4,9,4,7
"CCA-LDA",4,10,4,7
"CCA-LDA",4,11,4,7
"CCA-LDA",4,12,1,8
"CCA-LDA",4,13,3,6
"CCA-LDA",4,14,2,8
"CCA-LDA",4,15,2,8
"CCA-LDA",4,16,3,7
"CCA-LDA",4,17,3,8
"CCA-LDA",4,18,3,7
"CCA-LDA",4,19,2,8
"CCA-LDA",4,20,4,7
"CCA-LDA",4,21,2,8
"CCA-LDA",4,22,2,8
"CCA-LDA",4,23,4,5
"CCA-LDA",4,24,4,7
"CCA-LDA",4,25,4,7
"CCA-LDA",4,26,2,7
"CCA-LDA",4,27,4,7
"CCA-LDA",4,28,2,8
"CCA-LDA",4,29,4,7
"CCA-LDA",4,30,4,7
"CCA-LDA",4,31,4,6
"CCA-LDA",4,32,3,7
"CCA-LDA",4,33,2,7
"CCA-LDA",4,34,4,7
"CCA-LDA",4,35,3,6
"CCA-LDA",4,36,3,7
"CCA-LDA",4,37,4,7
"CCA-LDA",4,38,2,7
"CCA-LDA",4,39,2,7
"CCA-LDA",4,40,4,7
"CCA-LDA",4,41,4,7
"CCA-LDA",4,42,4,5
"CCA-LDA",4,43,4,7
"CCA-LDA",5,1,4,7
"CCA-LDA",5,2,4,7
"CCA-LDA",5,3,3,7
"CCA-LDA",5,4,3,6
"CCA-LDA",5,5,4,7
"CCA-LDA",5,6,3,7
"CCA-LDA",5,7,4,7
"CCA-LDA",5,8,3,9
"CCA-LDA",5,9,4,7
"CCA-LDA",5,10,4,7
"CCA-LDA",5,11,4,7
"CCA-LDA",5,12,1,8
"CCA-LDA",5,13,3,6
"CCA-LDA",5,14,3,8
"CCA-LDA",5,15,4,7
"CCA-LDA",5,16,4,7
"CCA-LDA",5,17,3,8
"CCA-LDA",5,18,4,7
"CCA-LDA",5,19,4,7
"CCA-LDA",5,20,4,7
"CCA-LDA",5,21,3,8
"CCA-LDA",5,22,4,7
"CCA-LDA",5,23,4,5
"CCA-LDA",5,24,4,7
"CCA-LDA",5,25,4,7
"CCA-LDA",5,26,3,7
"CCA-LDA",5,27,4,7
"CCA-LDA",5,28,3,8
"CCA-LDA",5,29,4,7
"CCA-LDA",5,30,4,7
"CCA-LDA",5,31,4,6
"CCA-LDA",5,32,4,7
"CCA-LDA",5,33,2,7
"CCA-LDA",5,34,4,7
"CCA-LDA",5,35,4,7
"CCA-LDA",5,36,4,7
"CCA-LDA",5,37,4,7
"CCA-LDA",5,38,3,7
"CCA-LDA",5,39,3,7
"CCA-LDA",5,40,4,7
"CCA-LDA",5,41,4,7
"CCA-LDA",5,42,4,5
"CCA-LDA",5,43,4,7
"CCA-LDA",6,1,3,3
"CCA-LDA",6,2,4,4
"CCA-LDA",6,3,4,3
"CCA-LDA",6,4,3,4
"CCA-LDA",6,5,3,3
"CCA-LDA",6,6,3,3
"CCA-LDA",6,7,4,4
"CCA-LDA",6,8,2,4
"CCA-LDA",6,9,4,4
"CCA-LDA",6,10,3,4
"CCA-LDA",6,11,3,4
"CCA-LDA",6,12,1,3
"CCA-LDA",6,13,2,4
"CCA-LDA",6,14,4,4
"CCA-LDA",6,15,3,4
"CCA-LDA",6,16,3,4
"CCA-LDA",6,17,3,4
"CCA-LDA",6,18,3,4
"CCA-LDA",6,19,4,4
"CCA-LDA",6,20,4,4
"CCA-LDA",6,21,4,4
"CCA-LDA",6,22,4,4
"CCA-LDA",6,23,4,4
"CCA-LDA",6,24,4,4
"CCA-LDA",6,25,4,4
"CCA-LDA",6,26,4,3
"CCA-LDA",6,27,4,4
"CCA-LDA",6,28,4,4
"CCA-LDA",6,29,4,4
"CCA-LDA",6,30,4,4
"CCA-LDA",6,31,3,4
"CCA-LDA",6,32,4,4
"CCA-LDA",6,33,5,3
"CCA-LDA",6,34,4,4
"CCA-LDA",6,35,3,4
"CCA-LDA",6,36,4,4
"CCA-LDA",6,37,3,3
"CCA-LDA",6,38,2,3
"CCA-LDA",6,39,4,4
"CCA-LDA",6,40,4,4
"CCA-LDA",6,41,3,4
"CCA-LDA",6,42,2,3
"CCA-LDA",6,43,4,4
"CCA-LDA",7,1,2,4
"CCA-LDA",7,2,4,4
"CCA-LDA",7,3,5,3
"CCA-LDA",7,4,3,3
"CCA-LDA",7,5,3,3
"CCA-LDA",7,6,3,3
"CCA-LDA",7,7,4,3
"CCA-LDA",7,8,2,3
"CCA-LDA",7,9,3,3
"CCA-LDA",7,10,3,3
"CCA-LDA",7,11,3,4
"CCA-LDA",7,12,2,4
"CCA-LDA",7,13,2,4
"CCA-LDA",7,14,3,3
"CCA-LDA",7,15,3,4
"CCA-LDA",7,16,3,3
"CCA-LDA",7,17,4,3
"CCA-LDA",7,18,3,4
"CCA-LDA",7,19,3,3
"CCA-LDA",7,20,4,3
"CCA-LDA",7,21,3,3
"CCA-LDA",7,22,3,3
"CCA-LDA",7,23,4,3
"CCA-LDA",7,24,4,3
"CCA-LDA",7,25,3,3
"CCA-LDA",7,26,3,2
"CCA-LDA",7,27,3,3
"CCA-LDA",7,28,3,3
"CCA-LDA",7,29,3,3
"CCA-LDA",7,30,4,4
"CCA-LDA",7,31,3,3
"CCA-LDA",7,32,3,3
"CCA-LDA",7,33,4,3
"CCA-LDA",7,34,3,3
"CCA-LDA",7,35,4,3
"CCA-LDA",7,36,3,3
"CCA-LDA",7,37,3,3
"CCA-LDA",7,38,5,3
"CCA-LDA",7,39,3,3
"CCA-LDA",7,40,3,3
"CCA-LDA",7,41,3,4
"CCA-LDA",7,42,2,3
"CCA-LDA",7,43,5,3
"CCA-LDA",8,1,1,3
"CCA-LDA",8,2,2,4
"CCA-LDA",8,3,2,3
"CCA-LDA",8,4,2,3
"CCA-LDA",8,5,2,3
"CCA-LDA",8,6,1,3
"CCA-LDA",8,7,1,3
"CCA-LDA",8,8,1,5
"CCA-LDA",8,9,1,3
"CCA-LDA",8,10,1,3
"CCA-LDA",8,11,2,4
"CCA-LDA",8,12,1,2
"CCA-LDA",8,13,1,4
"CCA-LDA",8,14,1,3
"CCA-LDA",8,15,1,3
"CCA-LDA",8,16,1,3
"CCA-LDA",8,17,2,3
"CCA-LDA",8,18,1,3
"CCA-LDA",8,19,1,3
"CCA-LDA",8,20,3,3
"CCA-LDA",8,21,1,3
"CCA-LDA",8,22,1,3
"CCA-LDA",8,23,3,3
"CCA-LDA",8,24,1,3
"CCA-LDA",8,25,1,3
"CCA-LDA",8,26,1,2
"CCA-LDA",8,27,1,3
"CCA-LDA",8,28,1,3
"CCA-LDA",8,29,2,3
"CCA-LDA",8,30,2,3
"CCA-LDA",8,31,1,3
"CCA-LDA",8,32,1,3
"CCA-LDA",8,33,2,3
"CCA-LDA",8,34,1,3
"CCA-LDA",8,35,2,3
"CCA-LDA",8,36,1,3
"CCA-LDA",8,37,1,3
"CCA-LDA",8,38,1,3
"CCA-LDA",8,39,1,3
"CCA-LDA",8,40,1,3
"CCA-LDA",8,41,2,4
"CCA-LDA",8,42,2,3
"CCA-LDA",8,43,2,3
"CCA-LDA",9,1,1,3
"CCA-LDA",9,2,2,4
"CCA-LDA",9,3,2,3
"CCA-LDA",9,4,2,3
"CCA-LDA",9,5,3,3
"CCA-LDA",9,6,2,3
"CCA-LDA",9,7,2,3
"CCA-LDA",9,8,1,4
"CCA-LDA",9,9,2,3
"CCA-LDA",9,10,2,3
"CCA-LDA",9,11,2,3
"CCA-LDA",9,12,1,5
"CCA-LDA",9,13,1,3
"CCA-LDA",9,14,2,3
"CCA-LDA",9,15,2,3
"CCA-LDA",9,16,2,3
"CCA-LDA",9,17,2,3
"CCA-LDA",9,18,2,3
"CCA-LDA",9,19,2,3
"CCA-LDA",9,20,2,3
"CCA-LDA",9,21,2,3
"CCA-LDA",9,22,2,3
"CCA-LDA",9,23,2,3
"CCA-LDA",9,24,2,3
"CCA-LDA",9,25,2,3
"CCA-LDA",9,26,2,2
"CCA-LDA",9,27,2,3
"CCA-LDA",9,28,2,3
"CCA-LDA",9,29,2,3
"CCA-LDA",9,30,2,3
"CCA-LDA",9,31,2,3
"CCA-LDA",9,32,2,3
"CCA-LDA",9,33,2,3
"CCA-LDA",9,34,2,3
"CCA-LDA",9,35,2,3
"CCA-LDA",9,36,2,3
"CCA-LDA",9,37,2,2
"CCA-LDA",9,38,2,3
"CCA-LDA",9,39,2,3
"CCA-LDA",9,40,2,3
"CCA-LDA",9,41,2,3
"CCA-LDA",9,42,2,3
"CCA-LDA",9,43,2,3
"CCA-LDA",10,1,1,3
"CCA-LDA",10,2,1,2
"CCA-LDA",10,3,1,3
"CCA-LDA",10,4,2,2
"CCA-LDA",10,5,4,2
"CCA-LDA",10,6,1,2
"CCA-LDA",10,7,2,2
"CCA-LDA",10,8,1,3
"CCA-LDA",10,9,2,3
"CCA-LDA",10,10,2,3
"CCA-LDA",10,11,2,2
"CCA-LDA",10,12,1,4
"CCA-LDA",10,13,1,3
"CCA-LDA",10,14,2,3
"CCA-LDA",10,15,2,3
"CCA-LDA",10,16,2,3
"CCA-LDA",10,17,2,3
"CCA-LDA",10,18,2,2
"CCA-LDA",10,19,2,3
"CCA-LDA",10,20,2,3
"CCA-LDA",10,21,2,3
"CCA-LDA",10,22,2,2
"CCA-LDA",10,23,2,3
"CCA-LDA",10,24,2,2
"CCA-LDA",10,25,2,2
"CCA-LDA",10,26,2,2
"CCA-LDA",10,27,2,3
"CCA-LDA",10,28,2,3
"CCA-LDA",10,29,2,2
"CCA-LDA",10,30,2,3
"CCA-LDA",10,31,2,2
"CCA-LDA",10,32,2,3
"CCA-LDA",10,33,1,3
"CCA-LDA",10,34,2,2
"CCA-LDA",10,35,2,3
"CCA-LDA",10,36,2,3
"CCA-LDA",10,37,2,2
"CCA-LDA",10,38,1,3
"CCA-LDA",10,39,2,3
"CCA-LDA",10,40,2,2
"CCA-LDA",10,41,2,2
"CCA-LDA",10,42,2,3
"CCA-LDA",10,43,2,2
"CCA-LDA",11,1,0,3
"CCA-LDA",11,2,0,3
"CCA-LDA",11,3,1,3
"CCA-LDA",11,4,0,3
"CCA-LDA",11,5,0,4
"CCA-LDA",11,6,1,3
"CCA-LDA",11,7,1,3
"CCA-LDA",11,8,0,5
"CCA-LDA",11,9,1,3
"CCA-LDA",11,10,0,3
"CCA-LDA",11,11,0,3
"CCA-LDA",11,12,1,3
"CCA-LDA",11,13,1,4
"CCA-LDA",11,14,1,3
"CCA-LDA",11,15,0,3
"CCA-LDA",11,16,0,3
"CCA-LDA",11,17,0,2
"CCA-LDA",11,18,0,3
"CCA-LDA",11,19,1,3
"CCA-LDA",11,20,1,3
"CCA-LDA",11,21,1,3
"CCA-LDA",11,22,1,3
"CCA-LDA",11,23,1,3
"CCA-LDA",11,24,0,2
"CCA-LDA",11,25,1,3
"CCA-LDA",11,26,1,3
"CCA-LDA",11,27,1,3
"CCA-LDA",11,28,1,3
"CCA-LDA",11,29,1,3
"CCA-LDA",11,30,1,3
"CCA-LDA",11,31,0,3
"CCA-LDA",11,32,1,3
"CCA-LDA",11,33,1,3
"CCA-LDA",11,34,1,3
"CCA-LDA",11,35,1,2
"CCA-LDA",11,36,1,3
"CCA-LDA",11,37,1,3
"CCA-LDA",11,38,1,2
"CCA-LDA",11,39,1,3
"CCA-LDA",11,40,1,3
"CCA-LDA",11,41,0,4
"CCA-LDA",11,42,1,3
"CCA-LDA",11,43,1,3
"CCA-LDA",12,1,0,2
"CCA-LDA",12,2,1,2
"CCA-LDA",12,3,1,2
"CCA-LDA",12,4,1,3
"CCA-LDA",12,5,1,2
"CCA-LDA",12,6,1,3
"CCA-LDA",12,7,1,3
"CCA-LDA",12,8,0,2
"CCA-LDA",12,9,1,3
"CCA-LDA",12,10,1,3
"CCA-LDA",12,11,1,3
"CCA-LDA",12,12,1,3
"CCA-LDA",12,13,0,2
"CCA-LDA",12,14,1,3
"CCA-LDA",12,15,1,3
"CCA-LDA",12,16,1,3
"CCA-LDA",12,17,1,2
"CCA-LDA",12,18,1,3
"CCA-LDA",12,19,1,3
"CCA-LDA",12,20,1,3
"CCA-LDA",12,21,1,3
"CCA-LDA",12,22,1,3
"CCA-LDA",12,23,1,3
"CCA-LDA",12,24,1,3
"CCA-LDA",12,25,1,3
"CCA-LDA",12,26,1,3
"CCA-LDA",12,27,1,3
"CCA-LDA",12,28,1,3
"CCA-LDA",12,29,1,3
"CCA-LDA",12,30,1,3
"CCA-LDA",12,31,1,3
"CCA-LDA",12,32,1,3
"CCA-LDA",12,33,1,3
"CCA-LDA",12,34,1,3
"CCA-LDA",12,35,1,2
"CCA-LDA",12,36,1,3
"CCA-LDA",12,37,1,3
"CCA-LDA",12,38,0,2
"CCA-LDA",12,39,1,3
"CCA-LDA",12,40,1,3
"CCA-LDA",12,41,1,2
"CCA-LDA",12,42,1,3
"CCA-LDA",12,43,1,3
"CCA-LDA",13,1,0,2
"CCA-LDA",13,2,1,0
"CCA-LDA",13,3,1,2
"CCA-LDA",13,4,1,1
"CCA-LDA",13,5,1,1
"CCA-LDA",13,6,1,1
"CCA-LDA",13,7,1,1
"CCA-LDA",13,8,0,2
"CCA-LDA",13,9,1,1
"CCA-LDA",13,10,0,1
"CCA-LDA",13,11,1,2
"CCA-LDA",13,12,1,1
"CCA-LDA",13,13,0,1
"CCA-LDA",13,14,1,1
"CCA-LDA",13,15,1,2
"CCA-LDA",13,16,1,2
"CCA-LDA",13,17,1,2
"CCA-LDA",13,18,1,1
"CCA-LDA",13,19,1,1
"CCA-LDA",13,20,1,1
"CCA-LDA",13,21,1,1
"CCA-LDA",13,22,1,1
"CCA-LDA",13,23,1,1
"CCA-LDA",13,24,1,0
"CCA-LDA",13,25,1,1
"CCA-LDA",13,26,1,1
"CCA-LDA",13,27,1,1
"CCA-LDA",13,28,1,1
"CCA-LDA",13,29,1,1
"CCA-LDA",13,30,1,1
"CCA-LDA",13,31,1,2
"CCA-LDA",13,32,1,1
"CCA-LDA",13,33,1,1
"CCA-LDA",13,34,1,1
"CCA-LDA",13,35,1,0
"CCA-LDA",13,36,1,1
"CCA-LDA",13,37,1,1
"CCA-LDA",13,38,1,2
"CCA-LDA",13,39,1,1
"CCA-LDA",13,40,1,1
"CCA-LDA",13,41,1,1
"CCA-LDA",13,42,1,1
"CCA-LDA",13,43,1,1
"CCA-LDA",14,1,0,1
"CCA-LDA",14,2,1,0
"CCA-LDA",14,3,1,1
"CCA-LDA",14,4,1,1
"CCA-LDA",14,5,1,1
"CCA-LDA",14,6,1,1
"CCA-LDA",14,7,1,1
"CCA-LDA",14,8,1,2
"CCA-LDA",14,9,1,1
"CCA-LDA",14,10,1,1
"CCA-LDA",14,11,1,1
"CCA-LDA",14,12,1,1
"CCA-LDA",14,13,0,1
"CCA-LDA",14,14,1,1
"CCA-LDA",14,15,1,2
"CCA-LDA",14,16,1,1
"CCA-LDA",14,17,1,1
"CCA-LDA",14,18,1,1
"CCA-LDA",14,19,1,1
"CCA-LDA",14,20,1,1
"CCA-LDA",14,21,1,1
"CCA-LDA",14,22,1,1
"CCA-LDA",14,23,1,1
"CCA-LDA",14,24,1,0
"CCA-LDA",14,25,1,1
"CCA-LDA",14,26,1,1
"CCA-LDA",14,27,1,1
"CCA-LDA",14,28,1,1
"CCA-LDA",14,29,1,1
"CCA-LDA",14,30,1,1
"CCA-LDA",14,31,1,2
"CCA-LDA",14,32,1,1
"CCA-LDA",14,33,1,1
"CCA-LDA",14,34,1,1
"CCA-LDA",14,35,1,0
"CCA-LDA",14,36,1,1
"CCA-LDA",14,37,1,1
"CCA-LDA",14,38,1,1
"CCA-LDA",14,39,1,1
"CCA-LDA",14,40,1,1
"CCA-LDA",14,41,1,1
"CCA-LDA",14,42,1,1
"CCA-LDA",14,43,1,1
"CCA-LDA",15,1,0,2
"CCA-LDA",15,2,1,0
"CCA-LDA",15,3,1,1
"CCA-LDA",15,4,1,1
"CCA-LDA",15,5,1,1
"CCA-LDA",15,6,1,0
"CCA-LDA",15,7,1,1
"CCA-LDA",15,8,0,1
"CCA-LDA",15,9,1,1
"CCA-LDA",15,10,0,1
"CCA-LDA",15,11,1,1
"CCA-LDA",15,12,1,1
"CCA-LDA",15,13,0,1
"CCA-LDA",15,14,1,1
"CCA-LDA",15,15,1,2
"CCA-LDA",15,16,1,1
"CCA-LDA",15,17,1,1
"CCA-LDA",15,18,1,1
"CCA-LDA",15,19,1,1
"CCA-LDA",15,20,1,1
"CCA-LDA",15,21,1,1
"CCA-LDA",15,22,1,0
"CCA-LDA",15,23,1,2
"CCA-LDA",15,24,1,0
"CCA-LDA",15,25,1,1
"CCA-LDA",15,26,1,1
"CCA-LDA",15,27,1,1
"CCA-LDA",15,28,1,1
"CCA-LDA",15,29,1,1
"CCA-LDA",15,30,1,1
"CCA-LDA",15,31,1,1
"CCA-LDA",15,32,1,1
"CCA-LDA",15,33,1,1
"CCA-LDA",15,34,1,1
"CCA-LDA",15,35,1,1
"CCA-LDA",15,36,1,1
"CCA-LDA",15,37,1,1
"CCA-LDA",15,38,1,1
"CCA-LDA",15,39,1,1
"CCA-LDA",15,40,1,1
"CCA-LDA",15,41,1,0
"CCA-LDA",15,42,1,1
"CCA-LDA",15,43,1,0
"CCA-LDA",16,1,0,0
"CCA-LDA",16,2,1,0
"CCA-LDA",16,3,1,0
"CCA-LDA",16,4,1,0
"CCA-LDA",16,5,1,0
"CCA-LDA",16,6,0,0
"CCA-LDA",16,7,1,0
"CCA-LDA",16,8,0,0
"CCA-LDA",16,9,1,0
"CCA-LDA",16,10,0,0
"CCA-LDA",16,11,1,0
"CCA-LDA",16,12,1,0
"CCA-LDA",16,13,0,0
"CCA-LDA",16,14,0,0
"CCA-LDA",16,15,0,0
"CCA-LDA",16,16,1,0
"CCA-LDA",16,17,1,0
"CCA-LDA",16,18,1,0
"CCA-LDA",16,19,1,0
"CCA-LDA",16,20,1,0
"CCA-LDA",16,21,1,0
"CCA-LDA",16,22,1,0
"CCA-LDA",16,23,1,0
"CCA-LDA",16,24,0,0
"CCA-LDA",16,25,1,0
"CCA-LDA",16,26,1,0
"CCA-LDA",16,27,1,0
"CCA-LDA",16,28,1,0
"CCA-LDA",16,29,1,0
"CCA-LDA",16,30,1,0
"CCA-LDA",16,31,0,0
"CCA-LDA",16,32,1,0
"CCA-LDA",16,33,1,0
"CCA-LDA",16,34,1,0
"CCA-LDA",16,35,1,0
"CCA-LDA",16,36,1,0
"CCA-LDA",16,37,1,0
"CCA-LDA",16,38,1,0
"CCA-LDA",16,39,1,0
"CCA-LDA",16,40,1,0
"CCA-LDA",16,41,1,0
"CCA-LDA",16,42,1,0
"CCA-LDA",16,43,0,0
"CCA-LDA",17,1,0,0
"CCA-LDA",17,2,0,0
"CCA-LDA",17,3,0,0
"CCA-LDA",17,4,1,0
"CCA-LDA",17,5,0,0
"CCA-LDA",17,6,0,0
"CCA-LDA",17,7,1,0
"CCA-LDA",17,8,0,0
"CCA-LDA",17,9,1,0
"CCA-LDA",17,10,0,0
"CCA-LDA",17,11,1,0
"CCA-LDA",17,12,1,0
"CCA-LDA",17,13,0,0
"CCA-LDA",17,14,0,0
"CCA-LDA",17,15,0,0
"CCA-LDA",17,16,0,0
"CCA-LDA",17,17,0,0
"CCA-LDA",17,18,0,0
"CCA-LDA",17,19,1,0
"CCA-LDA",17,20,1,0
"CCA-LDA",17,21,1,0
"CCA-LDA",17,22,1,0
"CCA-LDA",17,23,1,0
"CCA-LDA",17,24,0,0
"CCA-LDA",17,25,1,0
"CCA-LDA",17,26,1,0
"CCA-LDA",17,27,1,0
"CCA-LDA",17,28,1,0
"CCA-LDA",17,29,1,0
"CCA-LDA",17,30,1,0
"CCA-LDA",17,31,0,0
"CCA-LDA",17,32,0,0
"CCA-LDA",17,33,1,0
"CCA-LDA",17,34,0,0
"CCA-LDA",17,35,1,0
"CCA-LDA",17,36,1,0
"CCA-LDA",17,37,1,0
"CCA-LDA",17,38,0,0
"CCA-LDA",17,39,0,0
"CCA-LDA",17,40,1,0
"CCA-LDA",17,41,0,0
"CCA-LDA",17,42,1,0
"CCA-LDA",17,43,0,0
"CCA-LDA",18,1,0,0
"CCA-LDA",18,2,1,0
"CCA-LDA",18,3,1,0
"CCA-LDA",18,4,1,0
"CCA-LDA",18,5,0,0
"CCA-LDA",18,6,0,0
"CCA-LDA",18,7,1,0
"CCA-LDA",18,8,0,1
"CCA-LDA",18,9,1,0
"CCA-LDA",18,10,0,0
"CCA-LDA",18,11,1,0
"CCA-LDA",18,12,1,0
"CCA-LDA",18,13,0,0
"CCA-LDA",18,14,1,0
"CCA-LDA",18,15,0,0
"CCA-LDA",18,16,1,0
"CCA-LDA",18,17,1,0
"CCA-LDA",18,18,1,0
"CCA-LDA",18,19,1,0
"CCA-LDA",18,20,1,0
"CCA-LDA",18,21,1,0
"CCA-LDA",18,22,1,0
"CCA-LDA",18,23,1,0
"CCA-LDA",18,24,0,0
"CCA-LDA",18,25,1,0
"CCA-LDA",18,26,1,0
"CCA-LDA",18,27,1,0
"CCA-LDA",18,28,1,0
"CCA-LDA",18,29,1,0
"CCA-LDA",18,30,1,0
"CCA-LDA",18,31,0,0
"CCA-LDA",18,32,1,0
"CCA-LDA",18,33,1,0
"CCA-LDA",18,34,0,0
"CCA-LDA",18,35,1,0
"CCA-LDA",18,36,1,0
"CCA-LDA",18,37,1,0
"CCA-LDA",18,38,1,0
"CCA-LDA",18,39,1,0
"CCA-LDA",18,40,1,0
"CCA-LDA",18,41,0,0
"CCA-LDA",18,42,1,0
"CCA-LDA",18,43,0,0
"CCA-LDA",19,1,0,0
"CCA-LDA",19,2,0,0
"CCA-LDA",19,3,0,0
"CCA-LDA",19,4,0,0
"CCA-LDA",19,5,0,0
"CCA-LDA",19,6,0,0
"CCA-LDA",19,7,0,0
"CCA-LDA",19,8,0,1
"CCA-LDA",19,9,0,0
"CCA-LDA",19,10,0,0
"CCA-LDA",19,11,0,0
"CCA-LDA",19,12,0,0
"CCA-LDA",19,13,0,0
"CCA-LDA",19,14,0,0
"CCA-LDA",19,15,0,0
"CCA-LDA",19,16,0,0
"CCA-LDA",19,17,0,0
"CCA-LDA",19,18,0,0
"CCA-LDA",19,19,0,0
"CCA-LDA",19,20,0,0
"CCA-LDA",19,21,0,0
"CCA-LDA",19,22,0,0
"CCA-LDA",19,23,0,0
"CCA-LDA",19,24,0,0
"CCA-LDA",19,25,0,1
"CCA-LDA",19,26,0,0
"CCA-LDA",19,27,0,0
"CCA-LDA",19,28,0,0
"CCA-LDA",19,29,0,0
"CCA-LDA",19,30,0,0
"CCA-LDA",19,31,0,0
"CCA-LDA",19,32,0,0
"CCA-LDA",19,33,0,0
"CCA-LDA",19,34,0,0
"CCA-LDA",19,35,0,0
"CCA-LDA",19,36,0,0
"CCA-LDA",19,37,0,0
"CCA-LDA",19,38,0,0
"CCA-LDA",19,39,0,0
"CCA-LDA",19,40,0,0
"CCA-LDA",19,41,0,0
"CCA-LDA",19,42,0,0
"CCA-LDA",19,43,0,0
"CCA-LDA",20,1,0,0
"CCA-LDA",20,2,0,0
"CCA-LDA",20,3,0,0
"CCA-LDA",20,4,0,0
"CCA-LDA",20,5,0,0
"CCA-LDA",20,6,0,0
"CCA-LDA",20,7,0,0
"CCA-LDA",20,8,0,0
"CCA-LDA",20,9,0,0
"CCA-LDA",20,10,0,0
"CCA-LDA",20,11,0,0
"CCA-LDA",20,12,0,0
"CCA-LDA",20,13,0,0
"CCA-LDA",20,14,0,0
"CCA-LDA",20,15,0,0
"CCA-LDA",20,16,0,0
"CCA-LDA",20,17,0,0
"CCA-LDA",20,18,0,0
"CCA-LDA",20,19,0,0
"CCA-LDA",20,20,0,0
"CCA-LDA",20,21,0,0
"CCA-LDA",20,22,0,0
"CCA-LDA",20,23,0,0
"CCA-LDA",20,24,0,0
"CCA-LDA",20,25,0,0
"CCA-LDA",20,26,0,0
"CCA-LDA",20,27,0,0
"CCA-LDA",20,28,0,0
"CCA-LDA",20,29,0,0
"CCA-LDA",20,30,0,0
"CCA-LDA",20,31,0,0
"CCA-LDA",20,32,0,0
"CCA-LDA",20,33,0,0
"CCA-LDA",20,34,0,0
"CCA-LDA",20,35,0,0
"CCA-LDA",20,36,0,0
"CCA-LDA",20,37,0,0
"CCA-LDA",20,38,0,0
"CCA-LDA",20,39,0,0
"CCA-LDA",20,40,0,0
"CCA-LDA",20,41,0,0
"CCA-LDA",20,42,0,0
"CCA-LDA",20,43,0,0
"CCA-LDA",21,1,0,0
"CCA-LDA",21,2,0,0
"CCA-LDA",21,3,0,0
"CCA-LDA",21,4,0,0
"CCA-LDA",21,5,0,0
"CCA-LDA",21,6,0,0
"CCA-LDA",21,7,0,0
"CCA-LDA",21,8,0,0
"CCA-LDA",21,9,0,0
"CCA-LDA",21,10,0,0
"CCA-LDA",21,11,0,0
"CCA-LDA",21,12,0,0
"CCA-LDA",21,13,0,0
"CCA-LDA",21,14,0,0
"CCA-LDA",21,15,0,0
"CCA-LDA",21,16,0,0
"CCA-LDA",21,17,0,0
"CCA-LDA",21,18,0,0
"CCA-LDA",21,19,0,0
"CCA-LDA",21,20,0,0
"CCA-LDA",21,21,0,0
"CCA-LDA",21,22,0,0
"CCA-LDA",21,23,0,0
"CCA-LDA",21,24,0,0
"CCA-LDA",21,25,0,0
"CCA-LDA",21,26,0,0
"CCA-LDA",21,27,0,0
"CCA-LDA",21,28,0,0
"CCA-LDA",21,29,0,0
"CCA-LDA",21,30,0,0
"CCA-LDA",21,31,0,0
"CCA-LDA",21,32,0,0
"CCA-LDA",21,33,0,0
"CCA-LDA",21,34,0,0
"CCA-LDA",21,35,0,0
"CCA-LDA",21,36,0,0
"CCA-LDA",21,37,0,0
"CCA-LDA",21,38,0,0
"CCA-LDA",21,39,0,0
"CCA-LDA",21,40,0,0
"CCA-LDA",21,41,0,0
"CCA-LDA",21,42,0,0
"CCA-LDA",21,43,0,0
"CCA-LDA",22,1,0,0
"CCA-LDA",22,2,0,0
"CCA-LDA",22,3,0,0
"CCA-LDA",22,4,0,0
"CCA-LDA",22,5,0,0
"CCA-LDA",22,6,0,0
"CCA-LDA",22,7,0,0
"CCA-LDA",22,8,0,0
"CCA-LDA",22,9,0,0
"CCA-LDA",22,10,0,0
"CCA-LDA",22,11,0,0
"CCA-LDA",22,12,0,0
"CCA-LDA",22,13,0,0
"CCA-LDA",22,14,0,0
"CCA-LDA",22,15,0,0
"CCA-LDA",22,16,0,0
"CCA-LDA",22,17,0,0
"CCA-LDA",22,18,0,0
"CCA-LDA",22,19,0,0
"CCA-LDA",22,20,0,0
"CCA-LDA",22,21,0,0
"CCA-LDA",22,22,0,0
"CCA-LDA",22,23,0,0
"CCA-LDA",22,24,0,0
"CCA-LDA",22,25,0,0
"CCA-LDA",22,26,0,0
"CCA-LDA",22,27,0,0
"CCA-LDA",22,28,0,0
"CCA-LDA",22,29,0,0
"CCA-LDA",22,30,0,0
"CCA-LDA",22,31,0,0
"CCA-LDA",22,32,0,0
"CCA-LDA",22,33,0,0
"CCA-LDA",22,34,0,0
"CCA-LDA",22,35,0,0
"CCA-LDA",22,36,0,0
"CCA-LDA",22,37,0,0
"CCA-LDA",22,38,0,0
"CCA-LDA",22,39,0,0
"CCA-LDA",22,40,0,0
"CCA-LDA",22,41,0,0
"CCA-LDA",22,42,0,0
"CCA-LDA",22,43,0,0
"CCA-LDA",23,1,0,0
"CCA-LDA",23,2,0,0
"CCA-LDA",23,3,0,0
"CCA-LDA",23,4,0,1
"CCA-LDA",23,5,0,0
"CCA-LDA",23,6,0,0
"CCA-LDA",23,7,0,0
"CCA-LDA",23,8,0,1
"CCA-LDA",23,9,0,0
"CCA-LDA",23,10,0,0
"CCA-LDA",23,11,0,0
"CCA-LDA",23,12,0,0
"CCA-LDA",23,13,0,0
"CCA-LDA",23,14,0,0
"CCA-LDA",23,15,0,0
"CCA-LDA",23,16,0,0
"CCA-LDA",23,17,0,0
"CCA-LDA",23,18,0,1
"CCA-LDA",23,19,0,0
"CCA-LDA",23,20,0,0
"CCA-LDA",23,21,0,0
"CCA-LDA",23,22,0,0
"CCA-LDA",23,23,0,0
"CCA-LDA",23,24,0,0
"CCA-LDA",23,25,0,1
"CCA-LDA",23,26,0,1
"CCA-LDA",23,27,0,0
"CCA-LDA",23,28,0,0
"CCA-LDA",23,29,0,0
"CCA-LDA",23,30,0,0
"CCA-LDA",23,31,0,0
"CCA-LDA",23,32,0,0
"CCA-LDA",23,33,0,0
"CCA-LDA",23,34,0,1
"CCA-LDA",23,35,0,0
"CCA-LDA",23,36,0,0
"CCA-LDA",23,37,0,0
"CCA-LDA",23,38,0,0
"CCA-LDA",23,39,0,0
"CCA-LDA",23,40,0,0
"CCA-LDA",23,41,0,0
"CCA-LDA",23,42,0,0
"CCA-LDA",23,43,0,0
"CCA-LDA",24,1,0,0
"CCA-LDA",24,2,0,0
"CCA-LDA",24,3,0,0
"CCA-LDA",24,4,0,0
"CCA-LDA",24,5,0,0
"CCA-LDA",24,6,0,0
"CCA-LDA",24,7,0,0
"CCA-LDA",24,8,0,0
"CCA-LDA",24,9,0,0
"CCA-LDA",24,10,0,0
"CCA-LDA",24,11,0,0
"CCA-LDA",24,12,0,0
"CCA-LDA",24,13,0,0
"CCA-LDA",24,14,0,0
"CCA-LDA",24,15,0,0
"CCA-LDA",24,16,0,0
"CCA-LDA",24,17,0,0
"CCA-LDA",24,18,0,0
"CCA-LDA",24,19,0,0
"CCA-LDA",24,20,0,0
"CCA-LDA",24,21,0,0
"CCA-LDA",24,22,0,0
"CCA-LDA",24,23,0,0
"CCA-LDA",24,24,0,0
"CCA-LDA",24,25,0,0
"CCA-LDA",24,26,0,0
"CCA-LDA",24,27,0,0
"CCA-LDA",24,28,0,0
"CCA-LDA",24,29,0,0
"CCA-LDA",24,30,0,0
"CCA-LDA",24,31,0,0
"CCA-LDA",24,32,0,0
"CCA-LDA",24,33,0,0
"CCA-LDA",24,34,0,0
"CCA-LDA",24,35,0,0
"CCA-LDA",24,36,0,0
"CCA-LDA",24,37,0,0
"CCA-LDA",24,38,0,0
"CCA-LDA",24,39,0,0
"CCA-LDA",24,40,0,0
"CCA-LDA",24,41,0,0
"CCA-LDA",24,42,0,0
"CCA-LDA",24,43,0,0
"CCA-LDA",25,1,0,0
"CCA-LDA",25,2,0,0
"CCA-LDA",25,3,0,0
"CCA-LDA",25,4,0,0
"CCA-LDA",25,5,0,0
"CCA-LDA",25,6,0,0
"CCA-LDA",25,7,0,0
"CCA-LDA",25,8,0,0
"CCA-LDA",25,9,0,0
"CCA-LDA",25,10,0,0
"CCA-LDA",25,11,0,0
"CCA-LDA",25,12,0,0
"CCA-LDA",25,13,0,0
"CCA-LDA",25,14,0,0
"CCA-LDA",25,15,0,0
"CCA-LDA",25,16,0,0
"CCA-LDA",25,17,0,0
"CCA-LDA",25,18,0,0
"CCA-LDA",25,19,0,0
"CCA-LDA",25,20,0,0
"CCA-LDA",25,21,0,0
"CCA-LDA",25,22,0,0
"CCA-LDA",25,23,0,0
"CCA-LDA",25,24,0,0
"CCA-LDA",25,25,0,0
"CCA-LDA",25,26,0,1
"CCA-LDA",25,27,0,0
"CCA-LDA",25,28,0,0
"CCA-LDA",25,29,0,0
"CCA-LDA",25,30,0,0
"CCA-LDA",25,31,0,0
"CCA-LDA",25,32,0,0
"CCA-LDA",25,33,0,0
"CCA-LDA",25,34,0,0
"CCA-LDA",25,35,0,0
"CCA-LDA",25,36,0,0
"CCA-LDA",25,37,0,0
"CCA-LDA",25,38,0,0
"CCA-LDA",25,39,0,0
"CCA-LDA",25,40,0,0
"CCA-LDA",25,41,0,0
"CCA-LDA",25,42,0,0
"CCA-LDA",25,43,0,0
"CCA-LDA",26,1,0,0
"CCA-LDA",26,2,0,0
"CCA-LDA",26,3,0,0
"CCA-LDA",26,4,0,0
"CCA-LDA",26,5,0,0
"CCA-LDA",26,6,0,0
"CCA-LDA",26,7,0,0
"CCA-LDA",26,8,0,0
"CCA-LDA",26,9,0,0
"CCA-LDA",26,10,0,0
"CCA-LDA",26,11,0,0
"CCA-LDA",26,12,0,0
"CCA-LDA",26,13,0,0
"CCA-LDA",26,14,0,0
"CCA-LDA",26,15,0,0
"CCA-LDA",26,16,0,0
"CCA-LDA",26,17,0,0
"CCA-LDA",26,18,0,0
"CCA-LDA",26,19,0,0
"CCA-LDA",26,20,0,0
"CCA-LDA",26,21,0,0
"CCA-LDA",26,22,0,0
"CCA-LDA",26,23,0,0
"CCA-LDA",26,24,0,0
"CCA-LDA",26,25,0,0
"CCA-LDA",26,26,0,0
"CCA-LDA",26,27,0,0
"CCA-LDA",26,28,0,0
"CCA-LDA",26,29,0,0
"CCA-LDA",26,30,0,0
"CCA-LDA",26,31,0,0
"CCA-LDA",26,32,0,0
"CCA-LDA",26,33,0,0
"CCA-LDA",26,34,0,0
"CCA-LDA",26,35,0,0
"CCA-LDA",26,36,0,0
"CCA-LDA",26,37,0,0
"CCA-LDA",26,38,0,0
"CCA-LDA",26,39,0,0
"CCA-LDA",26,40,0,0
"CCA-LDA",26,41,0,0
"CCA-LDA",26,42,0,0
"CCA-LDA",26,43,0,0
"CCA-LDA",27,1,0,0
"CCA-LDA",27,2,0,0
"CCA-LDA",27,3,0,0
"CCA-LDA",27,4,0,0
"CCA-LDA",27,5,0,0
"CCA-LDA",27,6,0,0
"CCA-LDA",27,7,0,0
"CCA-LDA",27,8,0,0
"CCA-LDA",27,9,0,0
"CCA-LDA",27,10,0,0
"CCA-LDA",27,11,0,0
"CCA-LDA",27,12,0,0
"CCA-LDA",27,13,0,0
"CCA-LDA",27,14,0,0
"CCA-LDA",27,15,0,0
"CCA-LDA",27,16,0,0
"CCA-LDA",27,17,0,0
"CCA-LDA",27,18,0,0
"CCA-LDA",27,19,0,0
"CCA-LDA",27,20,0,0
"CCA-LDA",27,21,0,0
"CCA-LDA",27,22,0,0
"CCA-LDA",27,23,0,0
"CCA-LDA",27,24,0,0
"CCA-LDA",27,25,0,0
"CCA-LDA",27,26,0,0
"CCA-LDA",27,27,0,0
"CCA-LDA",27,28,0,0
"CCA-LDA",27,29,0,0
"CCA-LDA",27,30,0,0
"CCA-LDA",27,31,0,0
"CCA-LDA",27,32,0,0
"CCA-LDA",27,33,0,0
"CCA-LDA",27,34,0,0
"CCA-LDA",27,35,0,0
"CCA-LDA",27,36,0,0
"CCA-LDA",27,37,0,0
"CCA-LDA",27,38,0,0
"CCA-LDA",27,39,0,0
"CCA-LDA",27,40,0,0
"CCA-LDA",27,41,0,0
"CCA-LDA",27,42,0,0
"CCA-LDA",27,43,0,0
"CCA-LDA",28,1,0,0
"CCA-LDA",28,2,0,0
"CCA-LDA",28,3,0,0
"CCA-LDA",28,4,0,0
"CCA-LDA",28,5,0,0
"CCA-LDA",28,6,0,0
"CCA-LDA",28,7,0,0
"CCA-LDA",28,8,0,0
"CCA-LDA",28,9,0,0
"CCA-LDA",28,10,0,0
"CCA-LDA",28,11,0,0
"CCA-LDA",28,12,0,0
"CCA-LDA",28,13,0,0
"CCA-LDA",28,14,0,0
"CCA-LDA",28,15,0,0
"CCA-LDA",28,16,0,0
"CCA-LDA",28,17,0,0
"CCA-LDA",28,18,0,0
"CCA-LDA",28,19,0,0
"CCA-LDA",28,20,0,0
"CCA-LDA",28,21,0,0
"CCA-LDA",28,22,0,0
"CCA-LDA",28,23,0,0
"CCA-LDA",28,24,0,0
"CCA-LDA",28,25,0,0
"CCA-LDA",28,26,0,0
"CCA-LDA",28,27,0,0
"CCA-LDA",28,28,0,0
"CCA-LDA",28,29,0,0
"CCA-LDA",28,30,0,0
"CCA-LDA",28,31,0,0
"CCA-LDA",28,32,0,0
"CCA-LDA",28,33,0,0
"CCA-LDA",28,34,0,0
"CCA-LDA",28,35,0,0
"CCA-LDA",28,36,0,0
"CCA-LDA",28,37,0,0
"CCA-LDA",28,38,0,0
"CCA-LDA",28,39,0,0
"CCA-LDA",28,40,0,0
"CCA-LDA",28,41,0,0
"CCA-LDA",28,42,0,0
"CCA-LDA",28,43,0,0
"CCA-LDA",29,1,0,0
"CCA-LDA",29,2,0,0
"CCA-LDA",29,3,0,0
"CCA-LDA",29,4,0,0
"CCA-LDA",29,5,0,0
"CCA-LDA",29,6,0,0
"CCA-LDA",29,7,0,0
"CCA-LDA",29,8,0,0
"CCA-LDA",29,9,0,0
"CCA-LDA",29,10,0,0
"CCA-LDA",29,11,0,0
"CCA-LDA",29,12,0,0
"CCA-LDA",29,13,0,0
"CCA-LDA",29,14,0,0
"CCA-LDA",29,15,0,0
"CCA-LDA",29,16,0,0
"CCA-LDA",29,17,0,0
"CCA-LDA",29,18,0,0
"CCA-LDA",29,19,0,0
"CCA-LDA",29,20,0,0
"CCA-LDA",29,21,0,0
"CCA-LDA",29,22,0,0
"CCA-LDA",29,23,0,0
"CCA-LDA",29,24,0,0
"CCA-LDA",29,25,0,0
"CCA-LDA",29,26,0,0
"CCA-LDA",29,27,0,0
"CCA-LDA",29,28,0,0
"CCA-LDA",29,29,0,0
"CCA-LDA",29,30,0,0
"CCA-LDA",29,31,0,0
"CCA-LDA",29,32,0,0
"CCA-LDA",29,33,0,0
"CCA-LDA",29,34,0,0
"CCA-LDA",29,35,0,0
"CCA-LDA",29,36,0,0
"CCA-LDA",29,37,0,0
"CCA-LDA",29,38,0,0
"CCA-LDA",29,39,0,0
"CCA-LDA",29,40,0,0
"CCA-LDA",29,41,0,0
"CCA-LDA",29,42,0,0
"CCA-LDA",29,43,0,0
"CCA-LDA",30,1,0,0
"CCA-LDA",30,2,0,0
"CCA-LDA",30,3,0,0
"CCA-LDA",30,4,0,0
"CCA-LDA",30,5,0,0
"CCA-LDA",30,6,0,0
"CCA-LDA",30,7,0,0
"CCA-LDA",30,8,0,0
"CCA-LDA",30,9,0,0
"CCA-LDA",30,10,0,0
"CCA-LDA",30,11,0,0
"CCA-LDA",30,12,0,0
"CCA-LDA",30,13,0,0
"CCA-LDA",30,14,0,0
"CCA-LDA",30,15,0,0
"CCA-LDA",30,16,0,0
"CCA-LDA",30,17,0,0
"CCA-LDA",30,18,0,0
"CCA-LDA",30,19,0,0
"CCA-LDA",30,20,0,0
"CCA-LDA",30,21,0,0
"CCA-LDA",30,22,0,0
"CCA-LDA",30,23,0,0
"CCA-LDA",30,24,0,0
"CCA-LDA",30,25,0,0
"CCA-LDA",30,26,0,0
"CCA-LDA",30,27,0,0
"CCA-LDA",30,28,0,0
"CCA-LDA",30,29,0,0
"CCA-LDA",30,30,0,0
"CCA-LDA",30,31,0,0
"CCA-LDA",30,32,0,0
"CCA-LDA",30,33,0,0
"CCA-LDA",30,34,0,0
"CCA-LDA",30,35,0,0
"CCA-LDA",30,36,0,0
"CCA-LDA",30,37,0,0
"CCA-LDA",30,38,0,0
"CCA-LDA",30,39,0,0
"CCA-LDA",30,40,0,0
"CCA-LDA",30,41,0,0
"CCA-LDA",30,42,0,0
"CCA-LDA",30,43,0,0
"CCA-LDA",31,1,0,0
"CCA-LDA",31,2,0,0
"CCA-LDA",31,3,0,0
"CCA-LDA",31,4,0,0
"CCA-LDA",31,5,0,0
"CCA-LDA",31,6,0,0
"CCA-LDA",31,7,0,0
"CCA-LDA",31,8,0,0
"CCA-LDA",31,9,0,0
"CCA-LDA",31,10,0,0
"CCA-LDA",31,11,0,0
"CCA-LDA",31,12,0,0
"CCA-LDA",31,13,0,0
"CCA-LDA",31,14,0,0
"CCA-LDA",31,15,0,0
"CCA-LDA",31,16,0,0
"CCA-LDA",31,17,0,0
"CCA-LDA",31,18,0,0
"CCA-LDA",31,19,0,0
"CCA-LDA",31,20,0,0
"CCA-LDA",31,21,0,0
"CCA-LDA",31,22,0,0
"CCA-LDA",31,23,0,0
"CCA-LDA",31,24,0,0
"CCA-LDA",31,25,0,0
"CCA-LDA",31,26,0,0
"CCA-LDA",31,27,0,0
"CCA-LDA",31,28,0,0
"CCA-LDA",31,29,0,0
"CCA-LDA",31,30,0,0
"CCA-LDA",31,31,0,0
"CCA-LDA",31,32,0,0
"CCA-LDA",31,33,0,0
"CCA-LDA",31,34,0,0
"CCA-LDA",31,35,0,0
"CCA-LDA",31,36,0,0
"CCA-LDA",31,37,0,0
"CCA-LDA",31,38,0,0
"CCA-LDA",31,39,0,0
"CCA-LDA",31,40,0,0
"CCA-LDA",31,41,0,0
"CCA-LDA",31,42,0,0
"CCA-LDA",31,43,0,0
"CCA-LDA",32,1,0,0
"CCA-LDA",32,2,0,0
"CCA-LDA",32,3,0,0
"CCA-LDA",32,4,0,0
"CCA-LDA",32,5,0,0
"CCA-LDA",32,6,0,0
"CCA-LDA",32,7,0,0
"CCA-LDA",32,8,0,0
"CCA-LDA",32,9,0,0
"CCA-LDA",32,10,0,0
"CCA-LDA",32,11,0,0
"CCA-LDA",32,12,0,0
"CCA-LDA",32,13,0,0
"CCA-LDA",32,14,0,0
"CCA-LDA",32,15,0,0
"CCA-LDA",32,16,0,0
"CCA-LDA",32,17,0,0
"CCA-LDA",32,18,0,0
"CCA-LDA",32,19,0,0
"CCA-LDA",32,20,0,0
"CCA-LDA",32,21,0,0
"CCA-LDA",32,22,0,0
"CCA-LDA",32,23,0,0
"CCA-LDA",32,24,0,0
"CCA-LDA",32,25,0,0
"CCA-LDA",32,26,0,0
"CCA-LDA",32,27,0,0
"CCA-LDA",32,28,0,0
"CCA-LDA",32,29,0,0
"CCA-LDA",32,30,0,0
"CCA-LDA",32,31,0,0
"CCA-LDA",32,32,0,0
"CCA-LDA",32,33,0,0
"CCA-LDA",32,34,0,0
"CCA-LDA",32,35,0,0
"CCA-LDA",32,36,0,0
"CCA-LDA",32,37,0,0
"CCA-LDA",32,38,0,0
"CCA-LDA",32,39,0,0
"CCA-LDA",32,40,0,0
"CCA-LDA",32,41,0,0
"CCA-LDA",32,42,0,0
"CCA-LDA",32,43,0,0
"CCA-LDA",33,1,0,0
"CCA-LDA",33,2,0,0
"CCA-LDA",33,3,0,0
"CCA-LDA",33,4,0,0
"CCA-LDA",33,5,0,0
"CCA-LDA",33,6,0,0
"CCA-LDA",33,7,0,0
"CCA-LDA",33,8,0,0
"CCA-LDA",33,9,0,0
"CCA-LDA",33,10,0,0
"CCA-LDA",33,11,0,0
"CCA-LDA",33,12,0,0
"CCA-LDA",33,13,0,0
"CCA-LDA",33,14,0,0
"CCA-LDA",33,15,0,0
"CCA-LDA",33,16,0,0
"CCA-LDA",33,17,0,0
"CCA-LDA",33,18,0,0
"CCA-LDA",33,19,0,0
"CCA-LDA",33,20,0,0
"CCA-LDA",33,21,0,0
"CCA-LDA",33,22,0,0
"CCA-LDA",33,23,0,0
"CCA-LDA",33,24,0,0
"CCA-LDA",33,25,0,0
"CCA-LDA",33,26,0,0
"CCA-LDA",33,27,0,0
"CCA-LDA",33,28,0,0
"CCA-LDA",33,29,0,0
"CCA-LDA",33,30,0,0
"CCA-LDA",33,31,0,0
"CCA-LDA",33,32,0,0
"CCA-LDA",33,33,0,0
"CCA-LDA",33,34,0,0
"CCA-LDA",33,35,0,0
"CCA-LDA",33,36,0,0
"CCA-LDA",33,37,0,0
"CCA-LDA",33,38,0,0
"CCA-LDA",33,39,0,0
"CCA-LDA",33,40,0,0
"CCA-LDA",33,41,0,0
"CCA-LDA",33,42,0,0
"CCA-LDA",33,43,0,0
"CCA-LDA",34,1,0,0
"CCA-LDA",34,2,0,0
"CCA-LDA",34,3,0,0
"CCA-LDA",34,4,0,0
"CCA-LDA",34,5,0,0
"CCA-LDA",34,6,0,0
"CCA-LDA",34,7,0,0
"CCA-LDA",34,8,0,0
"CCA-LDA",34,9,0,0
"CCA-LDA",34,10,0,0
"CCA-LDA",34,11,0,0
"CCA-LDA",34,12,0,0
"CCA-LDA",34,13,0,0
"CCA-LDA",34,14,0,0
"CCA-LDA",34,15,0,0
"CCA-LDA",34,16,0,0
"CCA-LDA",34,17,0,0
"CCA-LDA",34,18,0,0
"CCA-LDA",34,19,0,0
"CCA-LDA",34,20,0,0
"CCA-LDA",34,21,0,0
"CCA-LDA",34,22,0,0
"CCA-LDA",34,23,0,0
"CCA-LDA",34,24,0,0
"CCA-LDA",34,25,0,0
"CCA-LDA",34,26,0,0
"CCA-LDA",34,27,0,0
"CCA-LDA",34,28,0,0
"CCA-LDA",34,29,0,0
"CCA-LDA",34,30,0,0
"CCA-LDA",34,31,0,0
"CCA-LDA",34,32,0,0
"CCA-LDA",34,33,0,0
"CCA-LDA",34,34,0,0
"CCA-LDA",34,35,0,0
"CCA-LDA",34,36,0,0
"CCA-LDA",34,37,0,0
"CCA-LDA",34,38,0,0
"CCA-LDA",34,39,0,0
"CCA-LDA",34,40,0,0
"CCA-LDA",34,41,0,0
"CCA-LDA",34,42,0,0
"CCA-LDA",34,43,0,0
"CCA-LDA",35,1,0,0
"CCA-LDA",35,2,0,0
"CCA-LDA",35,3,0,0
"CCA-LDA",35,4,0,0
"CCA-LDA",35,5,0,0
"CCA-LDA",35,6,0,0
"CCA-LDA",35,7,0,0
"CCA-LDA",35,8,0,0
"CCA-LDA",35,9,0,0
"CCA-LDA",35,10,0,0
"CCA-LDA",35,11,0,0
"CCA-LDA",35,12,0,0
"CCA-LDA",35,13,0,0
"CCA-LDA",35,14,0,0
"CCA-LDA",35,15,0,0
"CCA-LDA",35,16,0,0
"CCA-LDA",35,17,0,0
"CCA-LDA",35,18,0,0
"CCA-LDA",35,19,0,0
"CCA-LDA",35,20,0,0
"CCA-LDA",35,21,0,0
"CCA-LDA",35,22,0,0
"CCA-LDA",35,23,0,0
"CCA-LDA",35,24,0,0
"CCA-LDA",35,25,0,0
"CCA-LDA",35,26,0,0
"CCA-LDA",35,27,0,0
"CCA-LDA",35,28,0,0
"CCA-LDA",35,29,0,0
"CCA-LDA",35,30,0,0
"CCA-LDA",35,31,0,0
"CCA-LDA",35,32,0,0
"CCA-LDA",35,33,0,0
"CCA-LDA",35,34,0,0
"CCA-LDA",35,35,0,0
"CCA-LDA",35,36,0,0
"CCA-LDA",35,37,0,0
"CCA-LDA",35,38,0,0
"CCA-LDA",35,39,0,0
"CCA-LDA",35,40,0,0
"CCA-LDA",35,41,0,0
"CCA-LDA",35,42,0,0
"CCA-LDA",35,43,0,0
"CCA-LDA",36,1,0,0
"CCA-LDA",36,2,0,0
"CCA-LDA",36,3,0,0
"CCA-LDA",36,4,0,0
"CCA-LDA",36,5,0,0
"CCA-LDA",36,6,0,0
"CCA-LDA",36,7,0,0
"CCA-LDA",36,8,0,0
"CCA-LDA",36,9,0,0
"CCA-LDA",36,10,0,0
"CCA-LDA",36,11,0,0
"CCA-LDA",36,12,0,0
"CCA-LDA",36,13,0,0
"CCA-LDA",36,14,0,0
"CCA-LDA",36,15,0,0
"CCA-LDA",36,16,0,0
"CCA-LDA",36,17,0,0
"CCA-LDA",36,18,0,0
"CCA-LDA",36,19,0,0
"CCA-LDA",36,20,0,0
"CCA-LDA",36,21,0,0
"CCA-LDA",36,22,0,0
"CCA-LDA",36,23,0,0
"CCA-LDA",36,24,0,0
"CCA-LDA",36,25,0,0
"CCA-LDA",36,26,0,0
"CCA-LDA",36,27,0,0
"CCA-LDA",36,28,0,0
"CCA-LDA",36,29,0,0
"CCA-LDA",36,30,0,0
"CCA-LDA",36,31,0,0
"CCA-LDA",36,32,0,0
"CCA-LDA",36,33,0,0
"CCA-LDA",36,34,0,0
"CCA-LDA",36,35,0,0
"CCA-LDA",36,36,0,0
"CCA-LDA",36,37,0,0
"CCA-LDA",36,38,0,0
"CCA-LDA",36,39,0,0
"CCA-LDA",36,40,0,0
"CCA-LDA",36,41,0,0
"CCA-LDA",36,42,0,0
"CCA-LDA",36,43,0,0
"CCA-LDA",37,1,0,0
"CCA-LDA",37,2,0,0
"CCA-LDA",37,3,0,0
"CCA-LDA",37,4,0,0
"CCA-LDA",37,5,0,0
"CCA-LDA",37,6,0,0
"CCA-LDA",37,7,0,0
"CCA-LDA",37,8,0,0
"CCA-LDA",37,9,0,0
"CCA-LDA",37,10,0,0
"CCA-LDA",37,11,0,0
"CCA-LDA",37,12,0,0
"CCA-LDA",37,13,0,0
"CCA-LDA",37,14,0,0
"CCA-LDA",37,15,0,0
"CCA-LDA",37,16,0,0
"CCA-LDA",37,17,0,0
"CCA-LDA",37,18,0,0
"CCA-LDA",37,19,0,0
"CCA-LDA",37,20,0,0
"CCA-LDA",37,21,0,0
"CCA-LDA",37,22,0,0
"CCA-LDA",37,23,0,0
"CCA-LDA",37,24,0,0
"CCA-LDA",37,25,0,0
"CCA-LDA",37,26,0,0
"CCA-LDA",37,27,0,0
"CCA-LDA",37,28,0,0
"CCA-LDA",37,29,0,0
"CCA-LDA",37,30,0,0
"CCA-LDA",37,31,0,0
"CCA-LDA",37,32,0,0
"CCA-LDA",37,33,0,0
"CCA-LDA",37,34,0,0
"CCA-LDA",37,35,0,0
"CCA-LDA",37,36,0,0
"CCA-LDA",37,37,0,0
"CCA-LDA",37,38,0,0
"CCA-LDA",37,39,0,0
"CCA-LDA",37,40,0,0
"CCA-LDA",37,41,0,0
"CCA-LDA",37,42,0,0
"CCA-LDA",37,43,0,0
"CCA-LDA",38,1,0,0
"CCA-LDA",38,2,0,0
"CCA-LDA",38,3,0,0
"CCA-LDA",38,4,0,0
"CCA-LDA",38,5,0,0
"CCA-LDA",38,6,0,0
"CCA-LDA",38,7,0,0
"CCA-LDA",38,8,0,0
"CCA-LDA",38,9,0,0
"CCA-LDA",38,10,0,0
"CCA-LDA",38,11,0,0
"CCA-LDA",38,12,0,0
"CCA-LDA",38,13,0,0
"CCA-LDA",38,14,0,0
"CCA-LDA",38,15,0,0
"CCA-LDA",38,16,0,0
"CCA-LDA",38,17,0,0
"CCA-LDA",38,18,0,0
"CCA-LDA",38,19,0,0
"CCA-LDA",38,20,0,0
"CCA-LDA",38,21,0,0
"CCA-LDA",38,22,0,0
"CCA-LDA",38,23,0,0
"CCA-LDA",38,24,0,0
"CCA-LDA",38,25,0,0
"CCA-LDA",38,26,0,0
"CCA-LDA",38,27,0,0
"CCA-LDA",38,28,0,0
"CCA-LDA",38,29,0,0
"CCA-LDA",38,30,0,0
"CCA-LDA",38,31,0,0
"CCA-LDA",38,32,0,0
"CCA-LDA",38,33,0,0
"CCA-LDA",38,34,0,0
"CCA-LDA",38,35,0,0
"CCA-LDA",38,36,0,0
"CCA-LDA",38,37,0,0
"CCA-LDA",38,38,0,0
"CCA-LDA",38,39,0,0
"CCA-LDA",38,40,0,0
"CCA-LDA",38,41,0,0
"CCA-LDA",38,42,0,0
"CCA-LDA",38,43,0,0
"CCA-LDA",39,1,0,0
"CCA-LDA",39,2,0,0
"CCA-LDA",39,3,0,0
"CCA-LDA",39,4,0,0
"CCA-LDA",39,5,0,0
"CCA-LDA",39,6,0,0
"CCA-LDA",39,7,0,0
"CCA-LDA",39,8,0,0
"CCA-LDA",39,9,0,0
"CCA-LDA",39,10,0,0
"CCA-LDA",39,11,0,0
"CCA-LDA",39,12,0,0
"CCA-LDA",39,13,0,0
"CCA-LDA",39,14,0,0
"CCA-LDA",39,15,0,0
"CCA-LDA",39,16,0,0
"CCA-LDA",39,17,0,0
"CCA-LDA",39,18,0,0
"CCA-LDA",39,19,0,0
"CCA-LDA",39,20,0,0
"CCA-LDA",39,21,0,0
"CCA-LDA",39,22,0,0
"CCA-LDA",39,23,0,0
"CCA-LDA",39,24,0,0
"CCA-LDA",39,25,0,0
"CCA-LDA",39,26,0,0
"CCA-LDA",39,27,0,0
"CCA-LDA",39,28,0,0
"CCA-LDA",39,29,0,0
"CCA-LDA",39,30,0,0
"CCA-LDA",39,31,0,0
"CCA-LDA",39,32,0,0
"CCA-LDA",39,33,0,0
"CCA-LDA",39,34,0,0
"CCA-LDA",39,35,0,0
"CCA-LDA",39,36,0,0
"CCA-LDA",39,37,0,0
"CCA-LDA",39,38,0,0
"CCA-LDA",39,39,0,0
"CCA-LDA",39,40,0,0
"CCA-LDA",39,41,0,0
"CCA-LDA",39,42,0,0
"CCA-LDA",39,43,0,0
"PCA-LDA",2,1,7,12
"PCA-LDA",2,2,8,12
"PCA-LDA",2,3,8,10
"PCA-LDA",2,4,7,11
"PCA-LDA",2,5,7,12
"PCA-LDA",2,6,8,10
"PCA-LDA",2,7,8,12
"PCA-LDA",2,8,8,10
"PCA-LDA",2,9,8,12
"PCA-LDA",2,10,9,10
"PCA-LDA",2,11,8,10
"PCA-LDA",2,12,9,10
"PCA-LDA",2,13,8,10
"PCA-LDA",2,14,8,15
"PCA-LDA",2,15,8,15
"PCA-LDA",2,16,9,10
"PCA-LDA",2,17,7,11
"PCA-LDA",2,18,7,12
"PCA-LDA",2,19,8,12
"PCA-LDA",2,20,8,11
"PCA-LDA",2,21,9,10
"PCA-LDA",2,22,8,11
"PCA-LDA",2,23,9,9
"PCA-LDA",2,24,9,9
"PCA-LDA",2,25,9,10
"PCA-LDA",2,26,9,10
"PCA-LDA",2,27,8,11
"PCA-LDA",2,28,8,12
"PCA-LDA",2,29,8,11
"PCA-LDA",2,30,9,10
"PCA-LDA",2,31,9,9
"PCA-LDA",2,32,8,11
"PCA-LDA",2,33,9,9
"PCA-LDA",2,34,9,10
"PCA-LDA",2,35,9,10
"PCA-LDA",2,36,9,10
"PCA-LDA",2,37,9,10
"PCA-LDA",2,38,9,10
"PCA-LDA",2,39,9,10
"PCA-LDA",2,40,8,12
"PCA-LDA",2,41,9,9
"PCA-LDA",2,42,8,9
"PCA-LDA",2,43,9,9
"PCA-LDA",3,1,7,12
"PCA-LDA",3,2,7,14
"PCA-LDA",3,3,7,12
"PCA-LDA",3,4,7,12
"PCA-LDA",3,5,6,13
"PCA-LDA",3,6,8,11
"PCA-LDA",3,7,7,13
"PCA-LDA",3,8,8,13
"PCA-LDA",3,9,7,13
"PCA-LDA",3,10,7,12
"PCA-LDA",3,11,7,12
"PCA-LDA",3,12,7,13
"PCA-LDA",3,13,8,10
"PCA-LDA",3,14,7,12
"PCA-LDA",3,15,6,13
"PCA-LDA",3,16,6,13
"PCA-LDA",3,17,7,12
"PCA-LDA",3,18,7,12
"PCA-LDA",3,19,7,12
"PCA-LDA",3,20,7,12
"PCA-LDA",3,21,9,13
"PCA-LDA",3,22,7,12
"PCA-LDA",3,23,8,13
"PCA-LDA",3,24,8,9
"PCA-LDA",3,25,8,12
"PCA-LDA",3,26,7,13
"PCA-LDA",3,27,8,13
"PCA-LDA",3,28,8,13
"PCA-LDA",3,29,8,11
"PCA-LDA",3,30,9,12
"PCA-LDA",3,31,8,13
"PCA-LDA",3,32,7,13
"PCA-LDA",3,33,7,12
"PCA-LDA",3,34,8,13
"PCA-LDA",3,35,7,12
"PCA-LDA",3,36,8,13
"PCA-LDA",3,37,7,13
"PCA-LDA",3,38,8,13
"PCA-LDA",3,39,8,13
"PCA-LDA",3,40,7,12
"PCA-LDA",3,41,8,13
"PCA-LDA",3,42,7,12
"PCA-LDA",3,43,8,12
"PCA-LDA",4,1,4,6
"PCA-LDA",4,2,4,5
"PCA-LDA",4,3,4,4
"PCA-LDA",4,4,5,6
"PCA-LDA",4,5,5,6
"PCA-LDA",4,6,5,4
"PCA-LDA",4,7,5,6
"PCA-LDA",4,8,4,6
"PCA-LDA",4,9,5,6
"PCA-LDA",4,10,5,6
"PCA-LDA",4,11,5,6
"PCA-LDA",4,12,5,6
"PCA-LDA",4,13,4,6
"PCA-LDA",4,14,5,6
"PCA-LDA",4,15,5,5
"PCA-LDA",4,16,5,6
"PCA-LDA",4,17,5,7
"PCA-LDA",4,18,5,5
"PCA-LDA",4,19,5,5
"PCA-LDA",4,20,5,5
"PCA-LDA",4,21,5,6
"PCA-LDA",4,22,5,6
"PCA-LDA",4,23,5,5
"PCA-LDA",4,24,6,4
"PCA-LDA",4,25,5,4
"PCA-LDA",4,26,5,6
"PCA-LDA",4,27,5,6
"PCA-LDA",4,28,5,5
"PCA-LDA",4,29,5,5
"PCA-LDA",4,30,5,6
"PCA-LDA",4,31,5,6
"PCA-LDA",4,32,5,6
"PCA-LDA",4,33,5,6
"PCA-LDA",4,34,5,6
"PCA-LDA",4,35,5,6
"PCA-LDA",4,36,5,6
"PCA-LDA",4,37,5,6
"PCA-LDA",4,38,5,6
"PCA-LDA",4,39,5,6
"PCA-LDA",4,40,5,6
"PCA-LDA",4,41,5,6
"PCA-LDA",4,42,5,6
"PCA-LDA",4,43,5,6
"PCA-LDA",5,1,5,6
"PCA-LDA",5,2,6,4
"PCA-LDA",5,3,5,4
"PCA-LDA",5,4,5,6
"PCA-LDA",5,5,5,5
"PCA-LDA",5,6,6,4
"PCA-LDA",5,7,6,6
"PCA-LDA",5,8,5,5
"PCA-LDA",5,9,6,6
"PCA-LDA",5,10,5,6
"PCA-LDA",5,11,5,6
"PCA-LDA",5,12,4,6
"PCA-LDA",5,13,4,6
"PCA-LDA",5,14,5,6
"PCA-LDA",5,15,5,7
"PCA-LDA",5,16,5,6
"PCA-LDA",5,17,5,7
"PCA-LDA",5,18,5,4
"PCA-LDA",5,19,5,5
"PCA-LDA",5,20,5,5
"PCA-LDA",5,21,5,5
"PCA-LDA",5,22,5,6
"PCA-LDA",5,23,4,5
"PCA-LDA",5,24,6,5
"PCA-LDA",5,25,6,4
"PCA-LDA",5,26,6,6
"PCA-LDA",5,27,6,6
"PCA-LDA",5,28,5,5
"PCA-LDA",5,29,6,4
"PCA-LDA",5,30,6,5
"PCA-LDA",5,31,6,5
"PCA-LDA",5,32,6,6
"PCA-LDA",5,33,6,4
"PCA-LDA",5,34,6,6
"PCA-LDA",5,35,5,6
"PCA-LDA",5,36,6,6
"PCA-LDA",5,37,6,6
"PCA-LDA",5,38,6,5
"PCA-LDA",5,39,6,6
"PCA-LDA",5,40,6,6
"PCA-LDA",5,41,6,6
"PCA-LDA",5,42,6,6
"PCA-LDA",5,43,6,5
"PCA-LDA",6,1,5,4
"PCA-LDA",6,2,6,3
"PCA-LDA",6,3,6,6
"PCA-LDA",6,4,4,6
"PCA-LDA",6,5,5,5
"PCA-LDA",6,6,6,6
"PCA-LDA",6,7,6,6
"PCA-LDA",6,8,5,6
"PCA-LDA",6,9,6,6
"PCA-LDA",6,10,6,6
"PCA-LDA",6,11,6,6
"PCA-LDA",6,12,5,6
"PCA-LDA",6,13,6,6
"PCA-LDA",6,14,6,6
"PCA-LDA",6,15,6,6
"PCA-LDA",6,16,6,6
"PCA-LDA",6,17,5,6
"PCA-LDA",6,18,5,6
"PCA-LDA",6,19,6,6
"PCA-LDA",6,20,6,6
"PCA-LDA",6,21,6,6
"PCA-LDA",6,22,6,5
"PCA-LDA",6,23,6,5
"PCA-LDA",6,24,7,6
"PCA-LDA",6,25,7,6
"PCA-LDA",6,26,6,6
"PCA-LDA",6,27,6,6
"PCA-LDA",6,28,5,7
"PCA-LDA",6,29,6,6
"PCA-LDA",6,30,6,6
"PCA-LDA",6,31,6,6
"PCA-LDA",6,32,6,6
"PCA-LDA",6,33,6,6
"PCA-LDA",6,34,6,6
"PCA-LDA",6,35,4,4
"PCA-LDA",6,36,6,6
"PCA-LDA",6,37,5,6
"PCA-LDA",6,38,5,4
"PCA-LDA",6,39,5,6
"PCA-LDA",6,40,6,6
"PCA-LDA",6,41,6,6
"PCA-LDA",6,42,6,6
"PCA-LDA",6,43,6,6
"PCA-LDA",7,1,5,5
"PCA-LDA",7,2,6,3
"PCA-LDA",7,3,6,6
"PCA-LDA",7,4,4,6
"PCA-LDA",7,5,6,5
"PCA-LDA",7,6,6,6
"PCA-LDA",7,7,6,6
"PCA-LDA",7,8,5,6
"PCA-LDA",7,9,6,6
"PCA-LDA",7,10,6,6
"PCA-LDA",7,11,6,6
"PCA-LDA",7,12,5,6
"PCA-LDA",7,13,6,6
"PCA-LDA",7,14,6,6
"PCA-LDA",7,15,5,6
"PCA-LDA",7,16,6,6
"PCA-LDA",7,17,5,6
"PCA-LDA",7,18,5,6
"PCA-LDA",7,19,6,6
"PCA-LDA",7,20,6,6
"PCA-LDA",7,21,6,6
"PCA-LDA",7,22,6,5
"PCA-LDA",7,23,7,6
"PCA-LDA",7,24,7,6
"PCA-LDA",7,25,7,6
"PCA-LDA",7,26,6,6
"PCA-LDA",7,27,6,6
"PCA-LDA",7,28,5,6
"PCA-LDA",7,29,6,6
"PCA-LDA",7,30,7,6
"PCA-LDA",7,31,6,6
"PCA-LDA",7,32,6,6
"PCA-LDA",7,33,6,6
"PCA-LDA",7,34,6,6
"PCA-LDA",7,35,4,4
"PCA-LDA",7,36,6,6
"PCA-LDA",7,37,5,5
"PCA-LDA",7,38,4,4
"PCA-LDA",7,39,5,6
"PCA-LDA",7,40,5,5
"PCA-LDA",7,41,6,6
"PCA-LDA",7,42,6,6
"PCA-LDA",7,43,6,6
"PCA-LDA",8,1,5,4
"PCA-LDA",8,2,5,3
"PCA-LDA",8,3,5,5
"PCA-LDA",8,4,6,7
"PCA-LDA",8,5,6,7
"PCA-LDA",8,6,6,5
"PCA-LDA",8,7,6,6
"PCA-LDA",8,8,5,6
"PCA-LDA",8,9,6,5
"PCA-LDA",8,10,6,7
"PCA-LDA",8,11,6,7
"PCA-LDA",8,12,6,6
"PCA-LDA",8,13,6,5
"PCA-LDA",8,14,6,7
"PCA-LDA",8,15,6,5
"PCA-LDA",8,16,6,7
"PCA-LDA",8,17,5,6
"PCA-LDA",8,18,5,6
"PCA-LDA",8,19,6,4
"PCA-LDA",8,20,6,4
"PCA-LDA",8,21,6,5
"PCA-LDA",8,22,6,5
"PCA-LDA",8,23,6,4
"PCA-LDA",8,24,5,5
"PCA-LDA",8,25,6,6
"PCA-LDA",8,26,6,5
"PCA-LDA",8,27,6,6
"PCA-LDA",8,28,6,5
"PCA-LDA",8,29,6,6
"PCA-LDA",8,30,6,6
"PCA-LDA",8,31,6,6
"PCA-LDA",8,32,6,6
"PCA-LDA",8,33,6,6
"PCA-LDA",8,34,6,5
"PCA-LDA",8,35,6,5
"PCA-LDA",8,36,6,5
"PCA-LDA",8,37,6,6
"PCA-LDA",8,38,6,5
"PCA-LDA",8,39,6,6
"PCA-LDA",8,40,6,6
"PCA-LDA",8,41,6,6
"PCA-LDA",8,42,6,5
"PCA-LDA",8,43,6,4
"PCA-LDA",9,1,5,4
"PCA-LDA",9,2,4,3
"PCA-LDA",9,3,5,3
"PCA-LDA",9,4,6,5
"PCA-LDA",9,5,6,4
"PCA-LDA",9,6,6,4
"PCA-LDA",9,7,6,4
"PCA-LDA",9,8,5,3
"PCA-LDA",9,9,6,4
"PCA-LDA",9,10,6,4
"PCA-LDA",9,11,6,5
"PCA-LDA",9,12,5,3
"PCA-LDA",9,13,5,4
"PCA-LDA",9,14,6,6
"PCA-LDA",9,15,6,5
"PCA-LDA",9,16,6,4
"PCA-LDA",9,17,5,5
"PCA-LDA",9,18,5,5
"PCA-LDA",9,19,6,4
"PCA-LDA",9,20,6,4
"PCA-LDA",9,21,6,4
"PCA-LDA",9,22,5,4
"PCA-LDA",9,23,6,4
"PCA-LDA",9,24,5,6
"PCA-LDA",9,25,6,3
"PCA-LDA",9,26,6,4
"PCA-LDA",9,27,6,4
"PCA-LDA",9,28,6,4
"PCA-LDA",9,29,6,4
"PCA-LDA",9,30,6,3
"PCA-LDA",9,31,6,4
"PCA-LDA",9,32,6,3
"PCA-LDA",9,33,6,3
"PCA-LDA",9,34,6,4
"PCA-LDA",9,35,5,3
"PCA-LDA",9,36,6,3
"PCA-LDA",9,37,6,3
"PCA-LDA",9,38,5,2
"PCA-LDA",9,39,6,3
"PCA-LDA",9,40,6,4
"PCA-LDA",9,41,6,4
"PCA-LDA",9,42,5,4
"PCA-LDA",9,43,6,3
"PCA-LDA",10,1,5,5
"PCA-LDA",10,2,5,3
"PCA-LDA",10,3,5,3
"PCA-LDA",10,4,6,5
"PCA-LDA",10,5,6,4
"PCA-LDA",10,6,5,4
"PCA-LDA",10,7,6,4
"PCA-LDA",10,8,5,3
"PCA-LDA",10,9,6,4
"PCA-LDA",10,10,6,4
"PCA-LDA",10,11,6,5
"PCA-LDA",10,12,5,3
"PCA-LDA",10,13,5,5
"PCA-LDA",10,14,6,6
"PCA-LDA",10,15,5,6
"PCA-LDA",10,16,4,5
"PCA-LDA",10,17,5,5
"PCA-LDA",10,18,5,5
"PCA-LDA",10,19,6,4
"PCA-LDA",10,20,6,3
"PCA-LDA",10,21,6,3
"PCA-LDA",10,22,5,4
"PCA-LDA",10,23,5,5
"PCA-LDA",10,24,5,6
"PCA-LDA",10,25,6,3
"PCA-LDA",10,26,6,4
"PCA-LDA",10,27,6,4
"PCA-LDA",10,28,6,4
"PCA-LDA",10,29,6,4
"PCA-LDA",10,30,6,3
"PCA-LDA",10,31,6,4
"PCA-LDA",10,32,6,3
"PCA-LDA",10,33,6,3
"PCA-LDA",10,34,6,4
"PCA-LDA",10,35,5,3
"PCA-LDA",10,36,6,3
"PCA-LDA",10,37,6,3
"PCA-LDA",10,38,4,2
"PCA-LDA",10,39,6,3
"PCA-LDA",10,40,6,4
"PCA-LDA",10,41,5,4
"PCA-LDA",10,42,5,4
"PCA-LDA",10,43,6,3
"PCA-LDA",11,1,5,5
"PCA-LDA",11,2,5,3
"PCA-LDA",11,3,5,3
"PCA-LDA",11,4,5,3
"PCA-LDA",11,5,5,2
"PCA-LDA",11,6,5,3
"PCA-LDA",11,7,5,3
"PCA-LDA",11,8,5,5
"PCA-LDA",11,9,5,3
"PCA-LDA",11,10,5,3
"PCA-LDA",11,11,5,3
"PCA-LDA",11,12,4,4
"PCA-LDA",11,13,4,5
"PCA-LDA",11,14,5,4
"PCA-LDA",11,15,4,6
"PCA-LDA",11,16,4,5
"PCA-LDA",11,17,3,3
"PCA-LDA",11,18,4,4
"PCA-LDA",11,19,6,4
"PCA-LDA",11,20,6,4
"PCA-LDA",11,21,6,3
"PCA-LDA",11,22,4,4
"PCA-LDA",11,23,5,4
"PCA-LDA",11,24,5,5
"PCA-LDA",11,25,5,3
"PCA-LDA",11,26,5,3
"PCA-LDA",11,27,5,3
"PCA-LDA",11,28,6,3
"PCA-LDA",11,29,6,3
"PCA-LDA",11,30,6,3
"PCA-LDA",11,31,5,3
"PCA-LDA",11,32,6,3
"PCA-LDA",11,33,6,4
"PCA-LDA",11,34,5,3
"PCA-LDA",11,35,5,3
"PCA-LDA",11,36,6,3
"PCA-LDA",11,37,6,3
"PCA-LDA",11,38,4,3
"PCA-LDA",11,39,6,3
"PCA-LDA",11,40,6,3
"PCA-LDA",11,41,5,3
"PCA-LDA",11,42,4,4
"PCA-LDA",11,43,6,3
"PCA-LDA",12,1,5,5
"PCA-LDA",12,2,5,4
"PCA-LDA",12,3,5,3
"PCA-LDA",12,4,5,5
"PCA-LDA",12,5,5,2
"PCA-LDA",12,6,5,5
"PCA-LDA",12,7,5,4
"PCA-LDA",12,8,5,4
"PCA-LDA",12,9,5,5
"PCA-LDA",12,10,5,3
"PCA-LDA",12,11,5,5
"PCA-LDA",12,12,4,4
"PCA-LDA",12,13,4,6
"PCA-LDA",12,14,4,5
"PCA-LDA",12,15,4,6
"PCA-LDA",12,16,4,5
"PCA-LDA",12,17,4,4
"PCA-LDA",12,18,4,3
"PCA-LDA",12,19,6,4
"PCA-LDA",12,20,6,4
"PCA-LDA",12,21,6,3
"PCA-LDA",12,22,4,3
"PCA-LDA",12,23,5,4
"PCA-LDA",12,24,5,6
"PCA-LDA",12,25,5,3
"PCA-LDA",12,26,5,3
"PCA-LDA",12,27,6,3
"PCA-LDA",12,28,6,4
"PCA-LDA",12,29,6,3
"PCA-LDA",12,30,6,3
"PCA-LDA",12,31,6,4
"PCA-LDA",12,32,6,3
"PCA-LDA",12,33,6,5
"PCA-LDA",12,34,5,3
"PCA-LDA",12,35,5,3
"PCA-LDA",12,36,6,3
"PCA-LDA",12,37,6,3
"PCA-LDA",12,38,4,3
"PCA-LDA",12,39,6,3
"PCA-LDA",12,40,6,4
"PCA-LDA",12,41,5,4
"PCA-LDA",12,42,4,4
"PCA-LDA",12,43,6,3
"PCA-LDA",13,1,3,5
"PCA-LDA",13,2,3,6
"PCA-LDA",13,3,3,4
"PCA-LDA",13,4,4,4
"PCA-LDA",13,5,4,4
"PCA-LDA",13,6,3,4
"PCA-LDA",13,7,3,5
"PCA-LDA",13,8,3,5
"PCA-LDA",13,9,3,5
"PCA-LDA",13,10,3,5
"PCA-LDA",13,11,3,5
"PCA-LDA",13,12,3,4
"PCA-LDA",13,13,4,3
"PCA-LDA",13,14,4,4
"PCA-LDA",13,15,4,5
"PCA-LDA",13,16,3,5
"PCA-LDA",13,17,4,5
"PCA-LDA",13,18,4,5
"PCA-LDA",13,19,5,5
"PCA-LDA",13,20,5,4
"PCA-LDA",13,21,4,5
"PCA-LDA",13,22,4,4
"PCA-LDA",13,23,4,5
"PCA-LDA",13,24,5,5
"PCA-LDA",13,25,2,4
"PCA-LDA",13,26,4,5
"PCA-LDA",13,27,4,5
"PCA-LDA",13,28,4,5
"PCA-LDA",13,29,5,5
"PCA-LDA",13,30,3,4
"PCA-LDA",13,31,4,5
"PCA-LDA",13,32,4,5
"PCA-LDA",13,33,4,5
"PCA-LDA",13,34,3,5
"PCA-LDA",13,35,4,5
"PCA-LDA",13,36,4,5
"PCA-LDA",13,37,4,5
"PCA-LDA",13,38,3,4
"PCA-LDA",13,39,4,5
"PCA-LDA",13,40,4,5
"PCA-LDA",13,41,4,5
"PCA-LDA",13,42,3,3
"PCA-LDA",13,43,3,5
"PCA-LDA",14,1,3,4
"PCA-LDA",14,2,3,6
"PCA-LDA",14,3,4,4
"PCA-LDA",14,4,4,5
"PCA-LDA",14,5,4,4
"PCA-LDA",14,6,4,4
"PCA-LDA",14,7,4,5
"PCA-LDA",14,8,3,4
"PCA-LDA",14,9,5,5
"PCA-LDA",14,10,4,4
"PCA-LDA",14,11,4,4
"PCA-LDA",14,12,3,4
"PCA-LDA",14,13,6,4
"PCA-LDA",14,14,3,4
"PCA-LDA",14,15,4,6
"PCA-LDA",14,16,3,4
"PCA-LDA",14,17,5,5
"PCA-LDA",14,18,4,4
"PCA-LDA",14,19,5,5
"PCA-LDA",14,20,5,4
"PCA-LDA",14,21,5,4
"PCA-LDA",14,22,4,4
"PCA-LDA",14,23,4,5
"PCA-LDA",14,24,5,5
"PCA-LDA",14,25,2,3
"PCA-LDA",14,26,5,4
"PCA-LDA",14,27,5,4
"PCA-LDA",14,28,5,5
"PCA-LDA",14,29,6,4
"PCA-LDA",14,30,4,4
"PCA-LDA",14,31,4,4
"PCA-LDA",14,32,5,4
"PCA-LDA",14,33,5,4
"PCA-LDA",14,34,4,4
"PCA-LDA",14,35,4,4
"PCA-LDA",14,36,4,4
"PCA-LDA",14,37,4,4
"PCA-LDA",14,38,3,4
"PCA-LDA",14,39,4,4
"PCA-LDA",14,40,5,5
"PCA-LDA",14,41,5,4
"PCA-LDA",14,42,4,4
"PCA-LDA",14,43,5,4
"PCA-LDA",15,1,3,3
"PCA-LDA",15,2,3,5
"PCA-LDA",15,3,3,3
"PCA-LDA",15,4,4,2
"PCA-LDA",15,5,4,3
"PCA-LDA",15,6,4,3
"PCA-LDA",15,7,4,3
"PCA-LDA",15,8,3,3
"PCA-LDA",15,9,4,3
"PCA-LDA",15,10,4,3
"PCA-LDA",15,11,4,3
"PCA-LDA",15,12,3,3
"PCA-LDA",15,13,3,3
"PCA-LDA",15,14,1,5
"PCA-LDA",15,15,2,5
"PCA-LDA",15,16,4,3
"PCA-LDA",15,17,4,3
"PCA-LDA",15,18,4,3
"PCA-LDA",15,19,4,3
"PCA-LDA",15,20,4,3
"PCA-LDA",15,21,4,3
"PCA-LDA",15,22,1,4
"PCA-LDA",15,23,4,3
"PCA-LDA",15,24,3,4
"PCA-LDA",15,25,4,3
"PCA-LDA",15,26,4,3
"PCA-LDA",15,27,4,3
"PCA-LDA",15,28,4,3
"PCA-LDA",15,29,4,3
"PCA-LDA",15,30,4,3
"PCA-LDA",15,31,4,3
"PCA-LDA",15,32,4,3
"PCA-LDA",15,33,4,3
"PCA-LDA",15,34,4,3
"PCA-LDA",15,35,4,2
"PCA-LDA",15,36,4,3
"PCA-LDA",15,37,4,3
"PCA-LDA",15,38,4,3
"PCA-LDA",15,39,4,3
"PCA-LDA",15,40,4,3
"PCA-LDA",15,41,3,3
"PCA-LDA",15,42,1,3
"PCA-LDA",15,43,4,3
"PCA-LDA",16,1,3,3
"PCA-LDA",16,2,3,4
"PCA-LDA",16,3,3,4
"PCA-LDA",16,4,4,2
"PCA-LDA",16,5,2,3
"PCA-LDA",16,6,4,3
"PCA-LDA",16,7,4,3
"PCA-LDA",16,8,3,3
"PCA-LDA",16,9,4,3
"PCA-LDA",16,10,4,3
"PCA-LDA",16,11,4,3
"PCA-LDA",16,12,3,3
"PCA-LDA",16,13,2,3
"PCA-LDA",16,14,2,4
"PCA-LDA",16,15,2,4
"PCA-LDA",16,16,4,3
"PCA-LDA",16,17,4,3
"PCA-LDA",16,18,4,3
"PCA-LDA",16,19,4,3
"PCA-LDA",16,20,4,3
"PCA-LDA",16,21,3,3
"PCA-LDA",16,22,1,4
"PCA-LDA",16,23,4,3
"PCA-LDA",16,24,3,4
"PCA-LDA",16,25,3,3
"PCA-LDA",16,26,4,3
"PCA-LDA",16,27,4,3
"PCA-LDA",16,28,4,3
"PCA-LDA",16,29,4,3
"PCA-LDA",16,30,4,3
"PCA-LDA",16,31,4,3
"PCA-LDA",16,32,4,3
"PCA-LDA",16,33,4,3
"PCA-LDA",16,34,4,3
"PCA-LDA",16,35,4,2
"PCA-LDA",16,36,4,3
"PCA-LDA",16,37,4,3
"PCA-LDA",16,38,4,3
"PCA-LDA",16,39,4,3
"PCA-LDA",16,40,4,3
"PCA-LDA",16,41,4,3
"PCA-LDA",16,42,1,4
"PCA-LDA",16,43,4,3
"PCA-LDA",17,1,2,4
"PCA-LDA",17,2,4,4
"PCA-LDA",17,3,2,4
"PCA-LDA",17,4,3,3
"PCA-LDA",17,5,2,4
"PCA-LDA",17,6,3,5
"PCA-LDA",17,7,3,4
"PCA-LDA",17,8,2,3
"PCA-LDA",17,9,3,3
"PCA-LDA",17,10,3,4
"PCA-LDA",17,11,3,4
"PCA-LDA",17,12,2,5
"PCA-LDA",17,13,4,4
"PCA-LDA",17,14,1,5
"PCA-LDA",17,15,0,4
"PCA-LDA",17,16,3,4
"PCA-LDA",17,17,3,4
"PCA-LDA",17,18,2,4
"PCA-LDA",17,19,4,4
"PCA-LDA",17,20,3,4
"PCA-LDA",17,21,4,5
"PCA-LDA",17,22,1,4
"PCA-LDA",17,23,3,5
"PCA-LDA",17,24,4,4
"PCA-LDA",17,25,3,4
"PCA-LDA",17,26,4,4
"PCA-LDA",17,27,3,4
"PCA-LDA",17,28,4,4
"PCA-LDA",17,29,4,4
"PCA-LDA",17,30,4,5
"PCA-LDA",17,31,4,4
"PCA-LDA",17,32,4,4
"PCA-LDA",17,33,4,4
"PCA-LDA",17,34,3,4
"PCA-LDA",17,35,3,3
"PCA-LDA",17,36,4,4
"PCA-LDA",17,37,4,4
"PCA-LDA",17,38,4,4
"PCA-LDA",17,39,4,4
"PCA-LDA",17,40,4,4
"PCA-LDA",17,41,4,4
"PCA-LDA",17,42,2,4
"PCA-LDA",17,43,3,4
"PCA-LDA",18,1,1,4
"PCA-LDA",18,2,2,4
"PCA-LDA",18,3,2,4
"PCA-LDA",18,4,2,4
"PCA-LDA",18,5,2,4
"PCA-LDA",18,6,3,5
"PCA-LDA",18,7,3,5
"PCA-LDA",18,8,2,3
"PCA-LDA",18,9,2,3
"PCA-LDA",18,10,2,5
"PCA-LDA",18,11,2,5
"PCA-LDA",18,12,2,5
"PCA-LDA",18,13,3,3
"PCA-LDA",18,14,1,5
"PCA-LDA",18,15,1,3
"PCA-LDA",18,16,3,4
"PCA-LDA",18,17,2,5
"PCA-LDA",18,18,2,5
"PCA-LDA",18,19,3,4
"PCA-LDA",18,20,3,5
"PCA-LDA",18,21,3,5
"PCA-LDA",18,22,1,3
"PCA-LDA",18,23,2,5
"PCA-LDA",18,24,2,4
"PCA-LDA",18,25,3,4
"PCA-LDA",18,26,3,5
"PCA-LDA",18,27,3,4
"PCA-LDA",18,28,3,4
"PCA-LDA",18,29,3,5
"PCA-LDA",18,30,3,5
"PCA-LDA",18,31,2,4
"PCA-LDA",18,32,3,5
"PCA-LDA",18,33,3,4
"PCA-LDA",18,34,2,5
"PCA-LDA",18,35,3,3
"PCA-LDA",18,36,3,5
"PCA-LDA",18,37,3,4
"PCA-LDA",18,38,3,5
"PCA-LDA",18,39,3,5
"PCA-LDA",18,40,3,5
"PCA-LDA",18,41,2,4
"PCA-LDA",18,42,1,3
"PCA-LDA",18,43,3,5
"PCA-LDA",19,1,1,2
"PCA-LDA",19,2,2,4
"PCA-LDA",19,3,1,4
"PCA-LDA",19,4,1,4
"PCA-LDA",19,5,1,2
"PCA-LDA",19,6,1,4
"PCA-LDA",19,7,2,4
"PCA-LDA",19,8,2,4
"PCA-LDA",19,9,1,4
"PCA-LDA",19,10,1,4
"PCA-LDA",19,11,1,5
"PCA-LDA",19,12,2,5
"PCA-LDA",19,13,1,4
"PCA-LDA",19,14,1,5
"PCA-LDA",19,15,0,3
"PCA-LDA",19,16,2,5
"PCA-LDA",19,17,2,4
"PCA-LDA",19,18,1,5
"PCA-LDA",19,19,2,5
"PCA-LDA",19,20,2,4
"PCA-LDA",19,21,2,4
"PCA-LDA",19,22,1,3
"PCA-LDA",19,23,2,4
"PCA-LDA",19,24,3,4
"PCA-LDA",19,25,2,2
"PCA-LDA",19,26,2,5
"PCA-LDA",19,27,1,5
"PCA-LDA",19,28,2,5
"PCA-LDA",19,29,3,4
"PCA-LDA",19,30,1,5
"PCA-LDA",19,31,2,5
"PCA-LDA",19,32,1,4
"PCA-LDA",19,33,1,4
"PCA-LDA",19,34,1,5
"PCA-LDA",19,35,3,4
"PCA-LDA",19,36,2,5
"PCA-LDA",19,37,2,5
"PCA-LDA",19,38,2,4
"PCA-LDA",19,39,2,4
"PCA-LDA",19,40,2,4
"PCA-LDA",19,41,2,4
"PCA-LDA",19,42,1,3
"PCA-LDA",19,43,1,4
"PCA-LDA",20,1,0,2
"PCA-LDA",20,2,2,4
"PCA-LDA",20,3,2,4
"PCA-LDA",20,4,2,4
"PCA-LDA",20,5,0,3
"PCA-LDA",20,6,2,4
"PCA-LDA",20,7,2,4
"PCA-LDA",20,8,2,4
"PCA-LDA",20,9,2,3
"PCA-LDA",20,10,2,4
"PCA-LDA",20,11,2,4
"PCA-LDA",20,12,2,4
"PCA-LDA",20,13,2,4
"PCA-LDA",20,14,2,4
"PCA-LDA",20,15,0,3
"PCA-LDA",20,16,3,4
"PCA-LDA",20,17,2,4
"PCA-LDA",20,18,2,4
"PCA-LDA",20,19,2,4
"PCA-LDA",20,20,2,4
"PCA-LDA",20,21,2,4
"PCA-LDA",20,22,1,4
"PCA-LDA",20,23,2,4
"PCA-LDA",20,24,2,4
"PCA-LDA",20,25,1,3
"PCA-LDA",20,26,2,4
"PCA-LDA",20,27,2,4
"PCA-LDA",20,28,2,4
"PCA-LDA",20,29,2,4
"PCA-LDA",20,30,2,4
"PCA-LDA",20,31,2,4
"PCA-LDA",20,32,2,4
"PCA-LDA",20,33,2,3
"PCA-LDA",20,34,2,4
"PCA-LDA",20,35,2,4
"PCA-LDA",20,36,2,4
"PCA-LDA",20,37,2,4
"PCA-LDA",20,38,1,4
"PCA-LDA",20,39,2,4
"PCA-LDA",20,40,2,4
"PCA-LDA",20,41,2,4
"PCA-LDA",20,42,1,3
"PCA-LDA",20,43,2,4
"PCA-LDA",21,1,0,1
"PCA-LDA",21,2,1,4
"PCA-LDA",21,3,2,4
"PCA-LDA",21,4,2,4
"PCA-LDA",21,5,0,3
"PCA-LDA",21,6,1,4
"PCA-LDA",21,7,3,5
"PCA-LDA",21,8,1,2
"PCA-LDA",21,9,1,2
"PCA-LDA",21,10,2,4
"PCA-LDA",21,11,2,4
"PCA-LDA",21,12,2,5
"PCA-LDA",21,13,2,2
"PCA-LDA",21,14,2,4
"PCA-LDA",21,15,0,1
"PCA-LDA",21,16,2,4
"PCA-LDA",21,17,1,2
"PCA-LDA",21,18,2,4
"PCA-LDA",21,19,2,4
"PCA-LDA",21,20,3,4
"PCA-LDA",21,21,2,3
"PCA-LDA",21,22,1,2
"PCA-LDA",21,23,2,4
"PCA-LDA",21,24,3,3
"PCA-LDA",21,25,1,3
"PCA-LDA",21,26,3,4
"PCA-LDA",21,27,2,4
"PCA-LDA",21,28,2,4
"PCA-LDA",21,29,2,4
"PCA-LDA",21,30,2,5
"PCA-LDA",21,31,2,4
"PCA-LDA",21,32,2,4
"PCA-LDA",21,33,2,3
"PCA-LDA",21,34,1,4
"PCA-LDA",21,35,2,3
"PCA-LDA",21,36,2,4
"PCA-LDA",21,37,2,4
"PCA-LDA",21,38,2,1
"PCA-LDA",21,39,2,4
"PCA-LDA",21,40,2,4
"PCA-LDA",21,41,3,3
"PCA-LDA",21,42,1,3
"PCA-LDA",21,43,2,4
"PCA-LDA",22,1,0,1
"PCA-LDA",22,2,1,2
"PCA-LDA",22,3,1,4
"PCA-LDA",22,4,2,3
"PCA-LDA",22,5,0,3
"PCA-LDA",22,6,2,4
"PCA-LDA",22,7,3,3
"PCA-LDA",22,8,1,4
"PCA-LDA",22,9,2,1
"PCA-LDA",22,10,2,4
"PCA-LDA",22,11,2,3
"PCA-LDA",22,12,2,4
"PCA-LDA",22,13,1,2
"PCA-LDA",22,14,2,4
"PCA-LDA",22,15,1,3
"PCA-LDA",22,16,2,3
"PCA-LDA",22,17,2,2
"PCA-LDA",22,18,1,3
"PCA-LDA",22,19,3,3
"PCA-LDA",22,20,3,3
"PCA-LDA",22,21,3,3
"PCA-LDA",22,22,0,2
"PCA-LDA",22,23,2,4
"PCA-LDA",22,24,3,3
"PCA-LDA",22,25,1,4
"PCA-LDA",22,26,2,3
"PCA-LDA",22,27,3,3
"PCA-LDA",22,28,3,3
"PCA-LDA",22,29,3,3
"PCA-LDA",22,30,4,3
"PCA-LDA",22,31,3,3
"PCA-LDA",22,32,4,3
"PCA-LDA",22,33,2,3
"PCA-LDA",22,34,2,3
"PCA-LDA",22,35,3,3
"PCA-LDA",22,36,3,3
"PCA-LDA",22,37,4,3
"PCA-LDA",22,38,2,2
"PCA-LDA",22,39,3,3
"PCA-LDA",22,40,2,3
"PCA-LDA",22,41,3,3
"PCA-LDA",22,42,0,2
"PCA-LDA",22,43,4,3
"PCA-LDA",23,1,0,0
"PCA-LDA",23,2,0,0
"PCA-LDA",23,3,1,2
"PCA-LDA",23,4,1,2
"PCA-LDA",23,5,0,1
"PCA-LDA",23,6,1,2
"PCA-LDA",23,7,1,2
"PCA-LDA",23,8,1,3
"PCA-LDA",23,9,1,2
"PCA-LDA",23,10,0,2
"PCA-LDA",23,11,1,3
"PCA-LDA",23,12,0,3
"PCA-LDA",23,13,1,2
"PCA-LDA",23,14,1,2
"PCA-LDA",23,15,1,2
"PCA-LDA",23,16,1,2
"PCA-LDA",23,17,1,2
"PCA-LDA",23,18,0,2
"PCA-LDA",23,19,1,2
"PCA-LDA",23,20,0,2
"PCA-LDA",23,21,0,2
"PCA-LDA",23,22,0,3
"PCA-LDA",23,23,1,1
"PCA-LDA",23,24,1,2
"PCA-LDA",23,25,1,1
"PCA-LDA",23,26,1,2
"PCA-LDA",23,27,1,2
"PCA-LDA",23,28,1,2
"PCA-LDA",23,29,0,2
"PCA-LDA",23,30,1,3
"PCA-LDA",23,31,0,3
"PCA-LDA",23,32,1,2
"PCA-LDA",23,33,1,1
"PCA-LDA",23,34,1,2
"PCA-LDA",23,35,2,2
"PCA-LDA",23,36,1,2
"PCA-LDA",23,37,1,2
"PCA-LDA",23,38,1,3
"PCA-LDA",23,39,1,2
"PCA-LDA",23,40,1,2
"PCA-LDA",23,41,1,1
"PCA-LDA",23,42,0,2
"PCA-LDA",23,43,1,2
"PCA-LDA",24,1,0,0
"PCA-LDA",24,2,0,1
"PCA-LDA",24,3,2,2
"PCA-LDA",24,4,0,2
"PCA-LDA",24,5,1,0
"PCA-LDA",24,6,2,2
"PCA-LDA",24,7,1,2
"PCA-LDA",24,8,0,2
"PCA-LDA",24,9,0,2
"PCA-LDA",24,10,0,2
"PCA-LDA",24,11,0,2
"PCA-LDA",24,12,0,2
"PCA-LDA",24,13,1,2
"PCA-LDA",24,14,0,2
"PCA-LDA",24,15,1,3
"PCA-LDA",24,16,0,2
"PCA-LDA",24,17,1,2
"PCA-LDA",24,18,0,2
"PCA-LDA",24,19,1,2
"PCA-LDA",24,20,0,1
"PCA-LDA",24,21,2,2
"PCA-LDA",24,22,1,1
"PCA-LDA",24,23,0,1
"PCA-LDA",24,24,1,2
"PCA-LDA",24,25,1,2
"PCA-LDA",24,26,2,2
"PCA-LDA",24,27,2,2
"PCA-LDA",24,28,2,2
"PCA-LDA",24,29,1,2
"PCA-LDA",24,30,1,2
"PCA-LDA",24,31,0,3
"PCA-LDA",24,32,1,2
"PCA-LDA",24,33,0,1
"PCA-LDA",24,34,1,2
"PCA-LDA",24,35,1,2
"PCA-LDA",24,36,2,2
"PCA-LDA",24,37,2,2
"PCA-LDA",24,38,1,1
"PCA-LDA",24,39,1,2
"PCA-LDA",24,40,1,2
"PCA-LDA",24,41,1,1
"PCA-LDA",24,42,0,2
"PCA-LDA",24,43,2,2
"PCA-LDA",25,1,0,1
"PCA-LDA",25,2,0,2
"PCA-LDA",25,3,1,2
"PCA-LDA",25,4,1,1
"PCA-LDA",25,5,1,0
"PCA-LDA",25,6,1,2
"PCA-LDA",25,7,1,2
"PCA-LDA",25,8,0,2
"PCA-LDA",25,9,0,2
"PCA-LDA",25,10,1,3
"PCA-LDA",25,11,1,2
"PCA-LDA",25,12,0,4
"PCA-LDA",25,13,0,2
"PCA-LDA",25,14,0,2
"PCA-LDA",25,15,0,2
"PCA-LDA",25,16,0,2
"PCA-LDA",25,17,1,2
"PCA-LDA",25,18,0,2
"PCA-LDA",25,19,1,2
"PCA-LDA",25,20,0,1
"PCA-LDA",25,21,1,1
"PCA-LDA",25,22,0,1
"PCA-LDA",25,23,1,2
"PCA-LDA",25,24,0,0
"PCA-LDA",25,25,1,2
"PCA-LDA",25,26,1,2
"PCA-LDA",25,27,1,2
"PCA-LDA",25,28,1,2
"PCA-LDA",25,29,1,2
"PCA-LDA",25,30,0,1
"PCA-LDA",25,31,0,1
"PCA-LDA",25,32,1,2
"PCA-LDA",25,33,1,2
"PCA-LDA",25,34,0,2
"PCA-LDA",25,35,1,2
"PCA-LDA",25,36,1,2
"PCA-LDA",25,37,1,2
"PCA-LDA",25,38,1,1
"PCA-LDA",25,39,1,2
"PCA-LDA",25,40,1,2
"PCA-LDA",25,41,0,1
"PCA-LDA",25,42,0,2
"PCA-LDA",25,43,1,2
"PCA-LDA",26,1,0,0
"PCA-LDA",26,2,0,2
"PCA-LDA",26,3,0,1
"PCA-LDA",26,4,0,1
"PCA-LDA",26,5,0,1
"PCA-LDA",26,6,0,3
"PCA-LDA",26,7,0,3
"PCA-LDA",26,8,0,3
"PCA-LDA",26,9,0,1
"PCA-LDA",26,10,0,2
"PCA-LDA",26,11,0,3
"PCA-LDA",26,12,0,2
"PCA-LDA",26,13,0,2
"PCA-LDA",26,14,0,3
"PCA-LDA",26,15,0,2
"PCA-LDA",26,16,0,2
"PCA-LDA",26,17,0,3
"PCA-LDA",26,18,0,2
"PCA-LDA",26,19,0,2
"PCA-LDA",26,20,0,2
"PCA-LDA",26,21,0,0
"PCA-LDA",26,22,0,1
"PCA-LDA",26,23,0,0
"PCA-LDA",26,24,0,2
"PCA-LDA",26,25,0,2
"PCA-LDA",26,26,0,2
"PCA-LDA",26,27,0,2
"PCA-LDA",26,28,0,3
"PCA-LDA",26,29,0,1
"PCA-LDA",26,30,0,1
"PCA-LDA",26,31,0,1
"PCA-LDA",26,32,0,2
"PCA-LDA",26,33,0,1
"PCA-LDA",26,34,0,3
"PCA-LDA",26,35,1,1
"PCA-LDA",26,36,0,2
"PCA-LDA",26,37,0,2
"PCA-LDA",26,38,0,1
"PCA-LDA",26,39,0,2
"PCA-LDA",26,40,0,2
"PCA-LDA",26,41,0,2
"PCA-LDA",26,42,0,2
"PCA-LDA",26,43,0,2
"PCA-LDA",27,1,0,0
"PCA-LDA",27,2,0,2
"PCA-LDA",27,3,0,2
"PCA-LDA",27,4,0,1
"PCA-LDA",27,5,0,1
"PCA-LDA",27,6,0,2
"PCA-LDA",27,7,0,2
"PCA-LDA",27,8,0,3
"PCA-LDA",27,9,0,1
"PCA-LDA",27,10,0,1
"PCA-LDA",27,11,0,2
"PCA-LDA",27,12,0,1
"PCA-LDA",27,13,0,2
"PCA-LDA",27,14,0,2
"PCA-LDA",27,15,0,2
"PCA-LDA",27,16,0,2
"PCA-LDA",27,17,0,2
"PCA-LDA",27,18,0,2
"PCA-LDA",27,19,0,1
"PCA-LDA",27,20,0,1
"PCA-LDA",27,21,0,0
"PCA-LDA",27,22,0,1
"PCA-LDA",27,23,0,1
"PCA-LDA",27,24,0,1
"PCA-LDA",27,25,0,1
"PCA-LDA",27,26,0,1
"PCA-LDA",27,27,0,1
"PCA-LDA",27,28,0,2
"PCA-LDA",27,29,0,1
"PCA-LDA",27,30,0,1
"PCA-LDA",27,31,0,1
"PCA-LDA",27,32,0,1
"PCA-LDA",27,33,0,1
"PCA-LDA",27,34,0,3
"PCA-LDA",27,35,0,1
"PCA-LDA",27,36,0,1
"PCA-LDA",27,37,0,1
"PCA-LDA",27,38,0,1
"PCA-LDA",27,39,0,1
"PCA-LDA",27,40,0,1
"PCA-LDA",27,41,0,2
"PCA-LDA",27,42,0,3
"PCA-LDA",27,43,0,1
"PCA-LDA",28,1,0,0
"PCA-LDA",28,2,0,1
"PCA-LDA",28,3,0,3
"PCA-LDA",28,4,0,1
"PCA-LDA",28,5,0,1
"PCA-LDA",28,6,0,1
"PCA-LDA",28,7,0,1
"PCA-LDA",28,8,0,3
"PCA-LDA",28,9,0,1
"PCA-LDA",28,10,0,1
"PCA-LDA",28,11,0,1
"PCA-LDA",28,12,0,2
"PCA-LDA",28,13,0,2
"PCA-LDA",28,14,0,2
"PCA-LDA",28,15,0,1
"PCA-LDA",28,16,0,1
"PCA-LDA",28,17,0,2
"PCA-LDA",28,18,0,2
"PCA-LDA",28,19,0,1
"PCA-LDA",28,20,0,1
"PCA-LDA",28,21,0,0
"PCA-LDA",28,22,0,0
"PCA-LDA",28,23,0,0
"PCA-LDA",28,24,0,1
"PCA-LDA",28,25,0,1
"PCA-LDA",28,26,0,1
"PCA-LDA",28,27,0,1
"PCA-LDA",28,28,0,2
"PCA-LDA",28,29,0,2
"PCA-LDA",28,30,0,1
"PCA-LDA",28,31,0,1
"PCA-LDA",28,32,0,1
"PCA-LDA",28,33,0,1
"PCA-LDA",28,34,0,2
"PCA-LDA",28,35,0,1
"PCA-LDA",28,36,0,1
"PCA-LDA",28,37,0,1
"PCA-LDA",28,38,0,1
"PCA-LDA",28,39,0,1
"PCA-LDA",28,40,0,1
"PCA-LDA",28,41,0,2
"PCA-LDA",28,42,0,2
"PCA-LDA",28,43,0,1
"PCA-LDA",29,1,0,0
"PCA-LDA",29,2,0,1
"PCA-LDA",29,3,0,1
"PCA-LDA",29,4,0,1
"PCA-LDA",29,5,0,1
"PCA-LDA",29,6,0,1
"PCA-LDA",29,7,0,1
"PCA-LDA",29,8,0,1
"PCA-LDA",29,9,0,1
"PCA-LDA",29,10,0,1
"PCA-LDA",29,11,0,1
"PCA-LDA",29,12,0,1
"PCA-LDA",29,13,0,2
"PCA-LDA",29,14,0,0
"PCA-LDA",29,15,0,1
"PCA-LDA",29,16,0,0
"PCA-LDA",29,17,0,1
"PCA-LDA",29,18,0,1
"PCA-LDA",29,19,0,1
"PCA-LDA",29,20,0,1
"PCA-LDA",29,21,0,0
"PCA-LDA",29,22,0,0
"PCA-LDA",29,23,0,0
"PCA-LDA",29,24,0,0
"PCA-LDA",29,25,0,1
"PCA-LDA",29,26,0,1
"PCA-LDA",29,27,0,1
"PCA-LDA",29,28,0,0
"PCA-LDA",29,29,0,2
"PCA-LDA",29,30,0,1
"PCA-LDA",29,31,0,0
"PCA-LDA",29,32,0,1
"PCA-LDA",29,33,0,1
"PCA-LDA",29,34,0,1
"PCA-LDA",29,35,0,1
"PCA-LDA",29,36,0,1
"PCA-LDA",29,37,0,1
"PCA-LDA",29,38,0,1
"PCA-LDA",29,39,0,1
"PCA-LDA",29,40,0,1
"PCA-LDA",29,41,0,2
"PCA-LDA",29,42,0,2
"PCA-LDA",29,43,0,1
"PCA-LDA",30,1,0,0
"PCA-LDA",30,2,0,0
"PCA-LDA",30,3,0,0
"PCA-LDA",30,4,0,1
"PCA-LDA",30,5,0,1
"PCA-LDA",30,6,0,1
"PCA-LDA",30,7,0,2
"PCA-LDA",30,8,0,2
"PCA-LDA",30,9,0,1
"PCA-LDA",30,10,0,1
"PCA-LDA",30,11,0,2
"PCA-LDA",30,12,0,1
"PCA-LDA",30,13,0,1
"PCA-LDA",30,14,0,0
"PCA-LDA",30,15,0,0
"PCA-LDA",30,16,0,0
"PCA-LDA",30,17,0,1
"PCA-LDA",30,18,0,0
"PCA-LDA",30,19,0,0
"PCA-LDA",30,20,0,1
"PCA-LDA",30,21,0,0
"PCA-LDA",30,22,0,0
"PCA-LDA",30,23,0,0
"PCA-LDA",30,24,0,0
"PCA-LDA",30,25,0,0
"PCA-LDA",30,26,0,1
"PCA-LDA",30,27,0,0
"PCA-LDA",30,28,0,1
"PCA-LDA",30,29,0,0
"PCA-LDA",30,30,0,1
"PCA-LDA",30,31,0,1
"PCA-LDA",30,32,0,1
"PCA-LDA",30,33,0,1
"PCA-LDA",30,34,0,1
"PCA-LDA",30,35,0,1
"PCA-LDA",30,36,0,0
"PCA-LDA",30,37,0,2
"PCA-LDA",30,38,0,1
"PCA-LDA",30,39,0,0
"PCA-LDA",30,40,0,1
"PCA-LDA",30,41,0,0
"PCA-LDA",30,42,0,1
"PCA-LDA",30,43,0,1
"PCA-LDA",31,1,0,0
"PCA-LDA",31,2,0,0
"PCA-LDA",31,3,0,0
"PCA-LDA",31,4,0,1
"PCA-LDA",31,5,0,2
"PCA-LDA",31,6,0,2
"PCA-LDA",31,7,0,2
"PCA-LDA",31,8,0,2
"PCA-LDA",31,9,0,1
"PCA-LDA",31,10,0,1
"PCA-LDA",31,11,0,2
"PCA-LDA",31,12,0,1
"PCA-LDA",31,13,0,2
"PCA-LDA",31,14,0,0
"PCA-LDA",31,15,0,0
"PCA-LDA",31,16,0,0
"PCA-LDA",31,17,0,1
"PCA-LDA",31,18,0,1
"PCA-LDA",31,19,0,0
"PCA-LDA",31,20,0,1
"PCA-LDA",31,21,0,0
"PCA-LDA",31,22,0,0
"PCA-LDA",31,23,0,0
"PCA-LDA",31,24,0,0
"PCA-LDA",31,25,0,0
"PCA-LDA",31,26,0,0
"PCA-LDA",31,27,0,1
"PCA-LDA",31,28,0,1
"PCA-LDA",31,29,0,0
"PCA-LDA",31,30,0,1
"PCA-LDA",31,31,0,1
"PCA-LDA",31,32,0,0
"PCA-LDA",31,33,0,1
"PCA-LDA",31,34,0,1
"PCA-LDA",31,35,0,1
"PCA-LDA",31,36,0,0
"PCA-LDA",31,37,0,2
"PCA-LDA",31,38,0,1
"PCA-LDA",31,39,0,1
"PCA-LDA",31,40,0,0
"PCA-LDA",31,41,0,0
"PCA-LDA",31,42,0,0
"PCA-LDA",31,43,0,1
"PCA-LDA",32,1,0,0
"PCA-LDA",32,2,0,0
"PCA-LDA",32,3,0,0
"PCA-LDA",32,4,0,0
"PCA-LDA",32,5,0,0
"PCA-LDA",32,6,0,0
"PCA-LDA",32,7,0,0
"PCA-LDA",32,8,0,0
"PCA-LDA",32,9,0,0
"PCA-LDA",32,10,0,1
"PCA-LDA",32,11,0,0
"PCA-LDA",32,12,0,0
"PCA-LDA",32,13,0,0
"PCA-LDA",32,14,0,1
"PCA-LDA",32,15,0,0
"PCA-LDA",32,16,0,0
"PCA-LDA",32,17,0,0
"PCA-LDA",32,18,0,0
"PCA-LDA",32,19,0,0
"PCA-LDA",32,20,0,1
"PCA-LDA",32,21,0,0
"PCA-LDA",32,22,0,0
"PCA-LDA",32,23,0,0
"PCA-LDA",32,24,0,0
"PCA-LDA",32,25,0,0
"PCA-LDA",32,26,0,0
"PCA-LDA",32,27,0,0
"PCA-LDA",32,28,0,0
"PCA-LDA",32,29,0,0
"PCA-LDA",32,30,0,0
"PCA-LDA",32,31,0,1
"PCA-LDA",32,32,0,0
"PCA-LDA",32,33,0,0
"PCA-LDA",32,34,0,0
"PCA-LDA",32,35,0,0
"PCA-LDA",32,36,0,0
"PCA-LDA",32,37,0,0
"PCA-LDA",32,38,0,0
"PCA-LDA",32,39,0,0
"PCA-LDA",32,40,0,0
"PCA-LDA",32,41,0,0
"PCA-LDA",32,42,0,0
"PCA-LDA",32,43,0,0
"PCA-LDA",33,1,0,0
"PCA-LDA",33,2,0,0
"PCA-LDA",33,3,0,0
"PCA-LDA",33,4,0,0
"PCA-LDA",33,5,0,0
"PCA-LDA",33,6,0,0
"PCA-LDA",33,7,0,0
"PCA-LDA",33,8,0,0
"PCA-LDA",33,9,0,0
"PCA-LDA",33,10,0,0
"PCA-LDA",33,11,0,0
"PCA-LDA",33,12,0,0
"PCA-LDA",33,13,0,0
"PCA-LDA",33,14,0,1
"PCA-LDA",33,15,0,0
"PCA-LDA",33,16,0,0
"PCA-LDA",33,17,0,1
"PCA-LDA",33,18,0,0
"PCA-LDA",33,19,0,0
"PCA-LDA",33,20,0,0
"PCA-LDA",33,21,0,0
"PCA-LDA",33,22,0,0
"PCA-LDA",33,23,0,0
"PCA-LDA",33,24,0,0
"PCA-LDA",33,25,0,0
"PCA-LDA",33,26,0,0
"PCA-LDA",33,27,0,0
"PCA-LDA",33,28,0,0
"PCA-LDA",33,29,0,0
"PCA-LDA",33,30,0,0
"PCA-LDA",33,31,0,0
"PCA-LDA",33,32,0,0
"PCA-LDA",33,33,0,0
"PCA-LDA",33,34,0,0
"PCA-LDA",33,35,0,0
"PCA-LDA",33,36,0,0
"PCA-LDA",33,37,0,0
"PCA-LDA",33,38,0,0
"PCA-LDA",33,39,0,0
"PCA-LDA",33,40,0,0
"PCA-LDA",33,41,0,0
"PCA-LDA",33,42,0,0
"PCA-LDA",33,43,0,0
"PCA-LDA",34,1,0,0
"PCA-LDA",34,2,0,0
"PCA-LDA",34,3,0,0
"PCA-LDA",34,4,0,0
"PCA-LDA",34,5,0,0
"PCA-LDA",34,6,0,0
"PCA-LDA",34,7,0,0
"PCA-LDA",34,8,0,0
"PCA-LDA",34,9,0,0
"PCA-LDA",34,10,0,0
"PCA-LDA",34,11,0,0
"PCA-LDA",34,12,0,0
"PCA-LDA",34,13,0,0
"PCA-LDA",34,14,0,0
"PCA-LDA",34,15,0,0
"PCA-LDA",34,16,0,0
"PCA-LDA",34,17,0,0
"PCA-LDA",34,18,0,0
"PCA-LDA",34,19,0,0
"PCA-LDA",34,20,0,0
"PCA-LDA",34,21,0,0
"PCA-LDA",34,22,0,0
"PCA-LDA",34,23,0,0
"PCA-LDA",34,24,0,0
"PCA-LDA",34,25,0,0
"PCA-LDA",34,26,0,0
"PCA-LDA",34,27,0,0
"PCA-LDA",34,28,0,0
"PCA-LDA",34,29,0,0
"PCA-LDA",34,30,0,0
"PCA-LDA",34,31,0,0
"PCA-LDA",34,32,0,0
"PCA-LDA",34,33,0,0
"PCA-LDA",34,34,0,0
"PCA-LDA",34,35,0,0
"PCA-LDA",34,36,0,0
"PCA-LDA",34,37,0,0
"PCA-LDA",34,38,0,0
"PCA-LDA",34,39,0,0
"PCA-LDA",34,40,0,0
"PCA-LDA",34,41,0,0
"PCA-LDA",34,42,0,0
"PCA-LDA",34,43,0,0
"PCA-LDA",35,1,0,0
"PCA-LDA",35,2,0,0
"PCA-LDA",35,3,0,0
"PCA-LDA",35,4,0,0
"PCA-LDA",35,5,0,0
"PCA-LDA",35,6,0,0
"PCA-LDA",35,7,0,0
"PCA-LDA",35,8,0,0
"PCA-LDA",35,9,0,0
"PCA-LDA",35,10,0,0
"PCA-LDA",35,11,0,0
"PCA-LDA",35,12,0,0
"PCA-LDA",35,13,0,0
"PCA-LDA",35,14,0,0
"PCA-LDA",35,15,0,0
"PCA-LDA",35,16,0,0
"PCA-LDA",35,17,0,0
"PCA-LDA",35,18,0,0
"PCA-LDA",35,19,0,0
"PCA-LDA",35,20,0,0
"PCA-LDA",35,21,0,0
"PCA-LDA",35,22,0,0
"PCA-LDA",35,23,0,0
"PCA-LDA",35,24,0,0
"PCA-LDA",35,25,0,0
"PCA-LDA",35,26,0,0
"PCA-LDA",35,27,0,0
"PCA-LDA",35,28,0,0
"PCA-LDA",35,29,0,0
"PCA-LDA",35,30,0,0
"PCA-LDA",35,31,0,0
"PCA-LDA",35,32,0,0
"PCA-LDA",35,33,0,0
"PCA-LDA",35,34,0,0
"PCA-LDA",35,35,0,0
"PCA-LDA",35,36,0,0
"PCA-LDA",35,37,0,0
"PCA-LDA",35,38,0,0
"PCA-LDA",35,39,0,0
"PCA-LDA",35,40,0,0
"PCA-LDA",35,41,0,0
"PCA-LDA",35,42,0,0
"PCA-LDA",35,43,0,0
"PCA-LDA",36,1,0,0
"PCA-LDA",36,2,0,0
"PCA-LDA",36,3,0,0
"PCA-LDA",36,4,0,0
"PCA-LDA",36,5,0,0
"PCA-LDA",36,6,0,0
"PCA-LDA",36,7,0,0
"PCA-LDA",36,8,0,0
"PCA-LDA",36,9,0,0
"PCA-LDA",36,10,0,0
"PCA-LDA",36,11,0,0
"PCA-LDA",36,12,0,0
"PCA-LDA",36,13,0,0
"PCA-LDA",36,14,0,0
"PCA-LDA",36,15,0,0
"PCA-LDA",36,16,0,0
"PCA-LDA",36,17,0,0
"PCA-LDA",36,18,0,0
"PCA-LDA",36,19,0,0
"PCA-LDA",36,20,0,0
"PCA-LDA",36,21,0,0
"PCA-LDA",36,22,0,0
"PCA-LDA",36,23,0,0
"PCA-LDA",36,24,0,0
"PCA-LDA",36,25,0,0
"PCA-LDA",36,26,0,0
"PCA-LDA",36,27,0,0
"PCA-LDA",36,28,0,0
"PCA-LDA",36,29,0,0
"PCA-LDA",36,30,0,0
"PCA-LDA",36,31,0,0
"PCA-LDA",36,32,0,0
"PCA-LDA",36,33,0,0
"PCA-LDA",36,34,0,0
"PCA-LDA",36,35,0,0
"PCA-LDA",36,36,0,0
"PCA-LDA",36,37,0,0
"PCA-LDA",36,38,0,0
"PCA-LDA",36,39,0,0
"PCA-LDA",36,40,0,0
"PCA-LDA",36,41,0,0
"PCA-LDA",36,42,0,0
"PCA-LDA",36,43,0,0
"PCA-LDA",37,1,0,0
"PCA-LDA",37,2,0,0
"PCA-LDA",37,3,0,0
"PCA-LDA",37,4,0,0
"PCA-LDA",37,5,0,0
"PCA-LDA",37,6,0,0
"PCA-LDA",37,7,0,0
"PCA-LDA",37,8,0,0
"PCA-LDA",37,9,0,0
"PCA-LDA",37,10,0,0
"PCA-LDA",37,11,0,0
"PCA-LDA",37,12,0,0
"PCA-LDA",37,13,0,0
"PCA-LDA",37,14,0,0
"PCA-LDA",37,15,0,0
"PCA-LDA",37,16,0,0
"PCA-LDA",37,17,0,0
"PCA-LDA",37,18,0,0
"PCA-LDA",37,19,0,0
"PCA-LDA",37,20,0,0
"PCA-LDA",37,21,0,0
"PCA-LDA",37,22,0,0
"PCA-LDA",37,23,0,0
"PCA-LDA",37,24,0,0
"PCA-LDA",37,25,0,0
"PCA-LDA",37,26,0,0
"PCA-LDA",37,27,0,0
"PCA-LDA",37,28,0,0
"PCA-LDA",37,29,0,0
"PCA-LDA",37,30,0,0
"PCA-LDA",37,31,0,0
"PCA-LDA",37,32,0,0
"PCA-LDA",37,33,0,0
"PCA-LDA",37,34,0,0
"PCA-LDA",37,35,0,0
"PCA-LDA",37,36,0,0
"PCA-LDA",37,37,0,0
"PCA-LDA",37,38,0,0
"PCA-LDA",37,39,0,0
"PCA-LDA",37,40,0,0
"PCA-LDA",37,41,0,0
"PCA-LDA",37,42,0,0
"PCA-LDA",37,43,0,0
"PCA-LDA",38,1,0,0
"PCA-LDA",38,2,0,0
"PCA-LDA",38,3,0,0
"PCA-LDA",38,4,0,0
"PCA-LDA",38,5,0,0
"PCA-LDA",38,6,0,0
"PCA-LDA",38,7,0,0
"PCA-LDA",38,8,0,0
"PCA-LDA",38,9,0,0
"PCA-LDA",38,10,0,0
"PCA-LDA",38,11,0,0
"PCA-LDA",38,12,0,0
"PCA-LDA",38,13,0,0
"PCA-LDA",38,14,0,0
"PCA-LDA",38,15,0,0
"PCA-LDA",38,16,0,0
"PCA-LDA",38,17,0,0
"PCA-LDA",38,18,0,0
"PCA-LDA",38,19,0,0
"PCA-LDA",38,20,0,0
"PCA-LDA",38,21,0,0
"PCA-LDA",38,22,0,0
"PCA-LDA",38,23,0,0
"PCA-LDA",38,24,0,0
"PCA-LDA",38,25,0,0
"PCA-LDA",38,26,0,0
"PCA-LDA",38,27,0,0
"PCA-LDA",38,28,0,0
"PCA-LDA",38,29,0,0
"PCA-LDA",38,30,0,0
"PCA-LDA",38,31,0,0
"PCA-LDA",38,32,0,0
"PCA-LDA",38,33,0,0
"PCA-LDA",38,34,0,0
"PCA-LDA",38,35,0,0
"PCA-LDA",38,36,0,0
"PCA-LDA",38,37,0,0
"PCA-LDA",38,38,0,0
"PCA-LDA",38,39,0,0
"PCA-LDA",38,40,0,0
"PCA-LDA",38,41,0,0
"PCA-LDA",38,42,0,0
"PCA-LDA",38,43,0,0
"PCA-LDA",39,1,0,0
"PCA-LDA",39,2,0,0
"PCA-LDA",39,3,0,0
"PCA-LDA",39,4,0,0
"PCA-LDA",39,5,0,0
"PCA-LDA",39,6,0,0
"PCA-LDA",39,7,0,0
"PCA-LDA",39,8,0,0
"PCA-LDA",39,9,0,0
"PCA-LDA",39,10,0,0
"PCA-LDA",39,11,0,0
"PCA-LDA",39,12,0,0
"PCA-LDA",39,13,0,0
"PCA-LDA",39,14,0,0
"PCA-LDA",39,15,0,0
"PCA-LDA",39,16,0,0
"PCA-LDA",39,17,0,0
"PCA-LDA",39,18,0,0
"PCA-LDA",39,19,0,0
"PCA-LDA",39,20,0,0
"PCA-LDA",39,21,0,0
"PCA-LDA",39,22,0,0
"PCA-LDA",39,23,0,0
"PCA-LDA",39,24,0,0
"PCA-LDA",39,25,0,0
"PCA-LDA",39,26,0,0
"PCA-LDA",39,27,0,0
"PCA-LDA",39,28,0,0
"PCA-LDA",39,29,0,0
"PCA-LDA",39,30,0,0
"PCA-LDA",39,31,0,0
"PCA-LDA",39,32,0,0
"PCA-LDA",39,33,0,0
"PCA-LDA",39,34,0,0
"PCA-LDA",39,35,0,0
"PCA-LDA",39,36,0,0
"PCA-LDA",39,37,0,0
"PCA-LDA",39,38,0,0
"PCA-LDA",39,39,0,0
"PCA-LDA",39,40,0,0
"PCA-LDA",39,41,0,0
"PCA-LDA",39,42,0,0
"PCA-LDA",39,43,0,0
