"sim","method","n.dims","err","n.dims.min","n.dims.max","CV","Pi","Alt"
1,"CCA-LDA",27,3,NA,NA,1,1,2
1,"PCA-LDA",35,0,NA,NA,1,1,2
10,"CCA-LDA",36,4,NA,NA,1,1,2
10,"PCA-LDA",25,1,NA,NA,1,1,2
100,"CCA-LDA",35,2,NA,NA,1,1,2
100,"PCA-LDA",39,0,NA,NA,1,1,2
101,"CCA-LDA",25,7,NA,NA,1,1,2
101,"PCA-LDA",35,1,NA,NA,1,1,2
102,"CCA-LDA",37,3,NA,NA,1,1,2
102,"PCA-LDA",33,0,NA,NA,1,1,2
103,"CCA-LDA",37,4,NA,NA,1,1,2
103,"PCA-LDA",39,0,NA,NA,1,1,2
104,"CCA-LDA",30,4,NA,NA,1,1,2
104,"PCA-LDA",35,3,NA,NA,1,1,2
105,"CCA-LDA",3,6,NA,NA,1,1,2
105,"PCA-LDA",35,0,NA,NA,1,1,2
106,"CCA-LDA",38,2,NA,NA,1,1,2
106,"PCA-LDA",31,0,NA,NA,1,1,2
107,"CCA-LDA",31,4,NA,NA,1,1,2
107,"PCA-LDA",37,0,NA,NA,1,1,2
108,"CCA-LDA",33,4,NA,NA,1,1,2
108,"PCA-LDA",33,0,NA,NA,1,1,2
109,"CCA-LDA",31,2,NA,NA,1,1,2
109,"PCA-LDA",37,0,NA,NA,1,1,2
11,"CCA-LDA",38,4,NA,NA,1,1,2
11,"PCA-LDA",37,1,NA,NA,1,1,2
110,"CCA-LDA",36,5,NA,NA,1,1,2
110,"PCA-LDA",34,1,NA,NA,1,1,2
111,"CCA-LDA",25,3,NA,NA,1,1,2
111,"PCA-LDA",30,0,NA,NA,1,1,2
112,"CCA-LDA",32,2,NA,NA,1,1,2
112,"PCA-LDA",37,0,NA,NA,1,1,2
113,"CCA-LDA",33,4,NA,NA,1,1,2
113,"PCA-LDA",33,0,NA,NA,1,1,2
114,"CCA-LDA",34,2,NA,NA,1,1,2
114,"PCA-LDA",37,0,NA,NA,1,1,2
115,"CCA-LDA",28,3,NA,NA,1,1,2
115,"PCA-LDA",37,0,NA,NA,1,1,2
116,"CCA-LDA",34,1,NA,NA,1,1,2
116,"PCA-LDA",39,0,NA,NA,1,1,2
117,"CCA-LDA",27,0,NA,NA,1,1,2
117,"PCA-LDA",30,0,NA,NA,1,1,2
118,"CCA-LDA",20,3,NA,NA,1,1,2
118,"PCA-LDA",33,2,NA,NA,1,1,2
119,"CCA-LDA",36,3,NA,NA,1,1,2
119,"PCA-LDA",32,0,NA,NA,1,1,2
12,"CCA-LDA",10,4,NA,NA,1,1,2
12,"PCA-LDA",37,1,NA,NA,1,1,2
120,"CCA-LDA",31,6,NA,NA,1,1,2
120,"PCA-LDA",24,1,NA,NA,1,1,2
121,"CCA-LDA",36,3,NA,NA,1,1,2
121,"PCA-LDA",39,0,NA,NA,1,1,2
122,"CCA-LDA",27,2,NA,NA,1,1,2
122,"PCA-LDA",17,1,NA,NA,1,1,2
123,"CCA-LDA",20,5,NA,NA,1,1,2
123,"PCA-LDA",38,0,NA,NA,1,1,2
124,"CCA-LDA",32,4,NA,NA,1,1,2
124,"PCA-LDA",29,0,NA,NA,1,1,2
125,"CCA-LDA",28,3,NA,NA,1,1,2
125,"PCA-LDA",25,1,NA,NA,1,1,2
126,"CCA-LDA",37,2,NA,NA,1,1,2
126,"PCA-LDA",29,0,NA,NA,1,1,2
127,"CCA-LDA",39,4,NA,NA,1,1,2
127,"PCA-LDA",34,0,NA,NA,1,1,2
128,"CCA-LDA",28,1,NA,NA,1,1,2
128,"PCA-LDA",31,0,NA,NA,1,1,2
129,"CCA-LDA",28,2,NA,NA,1,1,2
129,"PCA-LDA",37,0,NA,NA,1,1,2
13,"CCA-LDA",35,4,NA,NA,1,1,2
13,"PCA-LDA",32,0,NA,NA,1,1,2
130,"CCA-LDA",34,6,NA,NA,1,1,2
130,"PCA-LDA",35,0,NA,NA,1,1,2
131,"CCA-LDA",33,2,NA,NA,1,1,2
131,"PCA-LDA",35,0,NA,NA,1,1,2
132,"CCA-LDA",35,0,NA,NA,1,1,2
132,"PCA-LDA",30,0,NA,NA,1,1,2
133,"CCA-LDA",13,9,NA,NA,1,1,2
133,"PCA-LDA",36,1,NA,NA,1,1,2
134,"CCA-LDA",27,5,NA,NA,1,1,2
134,"PCA-LDA",37,1,NA,NA,1,1,2
135,"CCA-LDA",39,3,NA,NA,1,1,2
135,"PCA-LDA",39,0,NA,NA,1,1,2
136,"CCA-LDA",20,3,NA,NA,1,1,2
136,"PCA-LDA",26,1,NA,NA,1,1,2
137,"CCA-LDA",31,4,NA,NA,1,1,2
137,"PCA-LDA",39,2,NA,NA,1,1,2
138,"CCA-LDA",37,2,NA,NA,1,1,2
138,"PCA-LDA",36,0,NA,NA,1,1,2
139,"CCA-LDA",33,5,NA,NA,1,1,2
139,"PCA-LDA",39,1,NA,NA,1,1,2
14,"CCA-LDA",39,2,NA,NA,1,1,2
14,"PCA-LDA",38,0,NA,NA,1,1,2
140,"CCA-LDA",37,1,NA,NA,1,1,2
140,"PCA-LDA",35,0,NA,NA,1,1,2
141,"CCA-LDA",33,7,NA,NA,1,1,2
141,"PCA-LDA",39,0,NA,NA,1,1,2
142,"CCA-LDA",16,4,NA,NA,1,1,2
142,"PCA-LDA",34,1,NA,NA,1,1,2
143,"CCA-LDA",39,2,NA,NA,1,1,2
143,"PCA-LDA",37,1,NA,NA,1,1,2
144,"CCA-LDA",26,3,NA,NA,1,1,2
144,"PCA-LDA",38,0,NA,NA,1,1,2
145,"CCA-LDA",37,3,NA,NA,1,1,2
145,"PCA-LDA",33,0,NA,NA,1,1,2
146,"CCA-LDA",23,3,NA,NA,1,1,2
146,"PCA-LDA",37,0,NA,NA,1,1,2
147,"CCA-LDA",34,4,NA,NA,1,1,2
147,"PCA-LDA",34,0,NA,NA,1,1,2
148,"CCA-LDA",15,6,NA,NA,1,1,2
148,"PCA-LDA",37,1,NA,NA,1,1,2
149,"CCA-LDA",38,4,NA,NA,1,1,2
149,"PCA-LDA",35,0,NA,NA,1,1,2
15,"CCA-LDA",38,4,NA,NA,1,1,2
15,"PCA-LDA",37,0,NA,NA,1,1,2
150,"CCA-LDA",18,3,NA,NA,1,1,2
150,"PCA-LDA",39,1,NA,NA,1,1,2
151,"CCA-LDA",26,5,NA,NA,1,1,2
151,"PCA-LDA",28,0,NA,NA,1,1,2
152,"CCA-LDA",39,7,NA,NA,1,1,2
152,"PCA-LDA",34,3,NA,NA,1,1,2
153,"CCA-LDA",33,4,NA,NA,1,1,2
153,"PCA-LDA",35,0,NA,NA,1,1,2
154,"CCA-LDA",36,3,NA,NA,1,1,2
154,"PCA-LDA",27,1,NA,NA,1,1,2
155,"CCA-LDA",28,8,NA,NA,1,1,2
155,"PCA-LDA",28,1,NA,NA,1,1,2
156,"CCA-LDA",22,3,NA,NA,1,1,2
156,"PCA-LDA",29,0,NA,NA,1,1,2
157,"CCA-LDA",29,4,NA,NA,1,1,2
157,"PCA-LDA",21,2,NA,NA,1,1,2
158,"CCA-LDA",32,2,NA,NA,1,1,2
158,"PCA-LDA",32,0,NA,NA,1,1,2
159,"CCA-LDA",35,7,NA,NA,1,1,2
159,"PCA-LDA",30,1,NA,NA,1,1,2
16,"CCA-LDA",32,6,NA,NA,1,1,2
16,"PCA-LDA",28,0,NA,NA,1,1,2
160,"CCA-LDA",33,3,NA,NA,1,1,2
160,"PCA-LDA",36,0,NA,NA,1,1,2
161,"CCA-LDA",36,1,NA,NA,1,1,2
161,"PCA-LDA",30,3,NA,NA,1,1,2
162,"CCA-LDA",37,5,NA,NA,1,1,2
162,"PCA-LDA",35,1,NA,NA,1,1,2
163,"CCA-LDA",26,4,NA,NA,1,1,2
163,"PCA-LDA",28,1,NA,NA,1,1,2
164,"CCA-LDA",23,5,NA,NA,1,1,2
164,"PCA-LDA",39,1,NA,NA,1,1,2
165,"CCA-LDA",36,4,NA,NA,1,1,2
165,"PCA-LDA",35,1,NA,NA,1,1,2
166,"CCA-LDA",28,4,NA,NA,1,1,2
166,"PCA-LDA",34,0,NA,NA,1,1,2
167,"CCA-LDA",32,3,NA,NA,1,1,2
167,"PCA-LDA",36,1,NA,NA,1,1,2
168,"CCA-LDA",27,3,NA,NA,1,1,2
168,"PCA-LDA",38,0,NA,NA,1,1,2
169,"CCA-LDA",39,5,NA,NA,1,1,2
169,"PCA-LDA",34,1,NA,NA,1,1,2
17,"CCA-LDA",36,2,NA,NA,1,1,2
17,"PCA-LDA",39,0,NA,NA,1,1,2
170,"CCA-LDA",36,4,NA,NA,1,1,2
170,"PCA-LDA",35,0,NA,NA,1,1,2
171,"CCA-LDA",37,5,NA,NA,1,1,2
171,"PCA-LDA",30,0,NA,NA,1,1,2
172,"CCA-LDA",34,5,NA,NA,1,1,2
172,"PCA-LDA",38,0,NA,NA,1,1,2
173,"CCA-LDA",25,3,NA,NA,1,1,2
173,"PCA-LDA",25,0,NA,NA,1,1,2
174,"CCA-LDA",33,3,NA,NA,1,1,2
174,"PCA-LDA",32,0,NA,NA,1,1,2
175,"CCA-LDA",35,4,NA,NA,1,1,2
175,"PCA-LDA",34,0,NA,NA,1,1,2
176,"CCA-LDA",35,2,NA,NA,1,1,2
176,"PCA-LDA",31,0,NA,NA,1,1,2
177,"CCA-LDA",38,4,NA,NA,1,1,2
177,"PCA-LDA",39,0,NA,NA,1,1,2
178,"CCA-LDA",37,2,NA,NA,1,1,2
178,"PCA-LDA",33,1,NA,NA,1,1,2
179,"CCA-LDA",38,3,NA,NA,1,1,2
179,"PCA-LDA",36,0,NA,NA,1,1,2
18,"CCA-LDA",24,3,NA,NA,1,1,2
18,"PCA-LDA",32,2,NA,NA,1,1,2
180,"CCA-LDA",39,2,NA,NA,1,1,2
180,"PCA-LDA",32,0,NA,NA,1,1,2
181,"CCA-LDA",30,7,NA,NA,1,1,2
181,"PCA-LDA",39,1,NA,NA,1,1,2
182,"CCA-LDA",25,4,NA,NA,1,1,2
182,"PCA-LDA",36,0,NA,NA,1,1,2
183,"CCA-LDA",35,4,NA,NA,1,1,2
183,"PCA-LDA",37,1,NA,NA,1,1,2
184,"CCA-LDA",38,4,NA,NA,1,1,2
184,"PCA-LDA",34,0,NA,NA,1,1,2
185,"CCA-LDA",35,1,NA,NA,1,1,2
185,"PCA-LDA",39,0,NA,NA,1,1,2
186,"CCA-LDA",21,1,NA,NA,1,1,2
186,"PCA-LDA",37,0,NA,NA,1,1,2
187,"CCA-LDA",25,3,NA,NA,1,1,2
187,"PCA-LDA",37,0,NA,NA,1,1,2
188,"CCA-LDA",34,2,NA,NA,1,1,2
188,"PCA-LDA",26,0,NA,NA,1,1,2
189,"CCA-LDA",38,4,NA,NA,1,1,2
189,"PCA-LDA",32,0,NA,NA,1,1,2
19,"CCA-LDA",38,3,NA,NA,1,1,2
19,"PCA-LDA",31,0,NA,NA,1,1,2
190,"CCA-LDA",32,3,NA,NA,1,1,2
190,"PCA-LDA",32,0,NA,NA,1,1,2
191,"CCA-LDA",36,6,NA,NA,1,1,2
191,"PCA-LDA",39,1,NA,NA,1,1,2
192,"CCA-LDA",36,2,NA,NA,1,1,2
192,"PCA-LDA",33,0,NA,NA,1,1,2
193,"CCA-LDA",38,3,NA,NA,1,1,2
193,"PCA-LDA",30,0,NA,NA,1,1,2
194,"CCA-LDA",35,5,NA,NA,1,1,2
194,"PCA-LDA",35,0,NA,NA,1,1,2
195,"CCA-LDA",22,4,NA,NA,1,1,2
195,"PCA-LDA",33,1,NA,NA,1,1,2
196,"CCA-LDA",31,4,NA,NA,1,1,2
196,"PCA-LDA",38,0,NA,NA,1,1,2
197,"CCA-LDA",38,7,NA,NA,1,1,2
197,"PCA-LDA",39,0,NA,NA,1,1,2
198,"CCA-LDA",17,5,NA,NA,1,1,2
198,"PCA-LDA",38,0,NA,NA,1,1,2
199,"CCA-LDA",29,5,NA,NA,1,1,2
199,"PCA-LDA",28,2,NA,NA,1,1,2
2,"CCA-LDA",19,4,NA,NA,1,1,2
2,"PCA-LDA",24,2,NA,NA,1,1,2
20,"CCA-LDA",14,4,NA,NA,1,1,2
20,"PCA-LDA",30,2,NA,NA,1,1,2
200,"CCA-LDA",27,3,NA,NA,1,1,2
200,"PCA-LDA",39,2,NA,NA,1,1,2
21,"CCA-LDA",33,2,NA,NA,1,1,2
21,"PCA-LDA",38,1,NA,NA,1,1,2
22,"CCA-LDA",31,4,NA,NA,1,1,2
22,"PCA-LDA",36,0,NA,NA,1,1,2
23,"CCA-LDA",34,0,NA,NA,1,1,2
23,"PCA-LDA",32,0,NA,NA,1,1,2
24,"CCA-LDA",37,4,NA,NA,1,1,2
24,"PCA-LDA",38,1,NA,NA,1,1,2
25,"CCA-LDA",38,3,NA,NA,1,1,2
25,"PCA-LDA",38,0,NA,NA,1,1,2
26,"CCA-LDA",36,2,NA,NA,1,1,2
26,"PCA-LDA",33,0,NA,NA,1,1,2
27,"CCA-LDA",29,6,NA,NA,1,1,2
27,"PCA-LDA",31,1,NA,NA,1,1,2
28,"CCA-LDA",25,1,NA,NA,1,1,2
28,"PCA-LDA",39,0,NA,NA,1,1,2
29,"CCA-LDA",23,4,NA,NA,1,1,2
29,"PCA-LDA",36,1,NA,NA,1,1,2
3,"CCA-LDA",32,3,NA,NA,1,1,2
3,"PCA-LDA",36,0,NA,NA,1,1,2
30,"CCA-LDA",31,3,NA,NA,1,1,2
30,"PCA-LDA",39,1,NA,NA,1,1,2
31,"CCA-LDA",31,5,NA,NA,1,1,2
31,"PCA-LDA",32,0,NA,NA,1,1,2
32,"CCA-LDA",33,0,NA,NA,1,1,2
32,"PCA-LDA",39,0,NA,NA,1,1,2
33,"CCA-LDA",21,2,NA,NA,1,1,2
33,"PCA-LDA",29,1,NA,NA,1,1,2
34,"CCA-LDA",29,4,NA,NA,1,1,2
34,"PCA-LDA",38,1,NA,NA,1,1,2
35,"CCA-LDA",34,6,NA,NA,1,1,2
35,"PCA-LDA",39,1,NA,NA,1,1,2
36,"CCA-LDA",24,5,NA,NA,1,1,2
36,"PCA-LDA",28,0,NA,NA,1,1,2
37,"CCA-LDA",34,1,NA,NA,1,1,2
37,"PCA-LDA",31,0,NA,NA,1,1,2
38,"CCA-LDA",17,7,NA,NA,1,1,2
38,"PCA-LDA",29,0,NA,NA,1,1,2
39,"CCA-LDA",31,3,NA,NA,1,1,2
39,"PCA-LDA",38,0,NA,NA,1,1,2
4,"CCA-LDA",31,3,NA,NA,1,1,2
4,"PCA-LDA",36,0,NA,NA,1,1,2
40,"CCA-LDA",38,0,NA,NA,1,1,2
40,"PCA-LDA",32,0,NA,NA,1,1,2
41,"CCA-LDA",37,3,NA,NA,1,1,2
41,"PCA-LDA",38,1,NA,NA,1,1,2
42,"CCA-LDA",30,3,NA,NA,1,1,2
42,"PCA-LDA",36,0,NA,NA,1,1,2
43,"CCA-LDA",37,4,NA,NA,1,1,2
43,"PCA-LDA",38,2,NA,NA,1,1,2
44,"CCA-LDA",24,4,NA,NA,1,1,2
44,"PCA-LDA",37,0,NA,NA,1,1,2
45,"CCA-LDA",32,5,NA,NA,1,1,2
45,"PCA-LDA",25,0,NA,NA,1,1,2
46,"CCA-LDA",16,3,NA,NA,1,1,2
46,"PCA-LDA",18,3,NA,NA,1,1,2
47,"CCA-LDA",33,2,NA,NA,1,1,2
47,"PCA-LDA",31,0,NA,NA,1,1,2
48,"CCA-LDA",38,3,NA,NA,1,1,2
48,"PCA-LDA",36,1,NA,NA,1,1,2
49,"CCA-LDA",32,6,NA,NA,1,1,2
49,"PCA-LDA",37,0,NA,NA,1,1,2
5,"CCA-LDA",25,4,NA,NA,1,1,2
5,"PCA-LDA",27,2,NA,NA,1,1,2
50,"CCA-LDA",36,6,NA,NA,1,1,2
50,"PCA-LDA",32,0,NA,NA,1,1,2
51,"CCA-LDA",34,3,NA,NA,1,1,2
51,"PCA-LDA",39,0,NA,NA,1,1,2
52,"CCA-LDA",39,3,NA,NA,1,1,2
52,"PCA-LDA",37,0,NA,NA,1,1,2
53,"CCA-LDA",39,4,NA,NA,1,1,2
53,"PCA-LDA",34,2,NA,NA,1,1,2
54,"CCA-LDA",39,6,NA,NA,1,1,2
54,"PCA-LDA",39,1,NA,NA,1,1,2
55,"CCA-LDA",29,3,NA,NA,1,1,2
55,"PCA-LDA",36,0,NA,NA,1,1,2
56,"CCA-LDA",39,2,NA,NA,1,1,2
56,"PCA-LDA",37,0,NA,NA,1,1,2
57,"CCA-LDA",27,5,NA,NA,1,1,2
57,"PCA-LDA",32,0,NA,NA,1,1,2
58,"CCA-LDA",35,6,NA,NA,1,1,2
58,"PCA-LDA",37,1,NA,NA,1,1,2
59,"CCA-LDA",36,3,NA,NA,1,1,2
59,"PCA-LDA",31,0,NA,NA,1,1,2
6,"CCA-LDA",28,4,NA,NA,1,1,2
6,"PCA-LDA",39,1,NA,NA,1,1,2
60,"CCA-LDA",32,7,NA,NA,1,1,2
60,"PCA-LDA",38,1,NA,NA,1,1,2
61,"CCA-LDA",19,4,NA,NA,1,1,2
61,"PCA-LDA",37,0,NA,NA,1,1,2
62,"CCA-LDA",21,3,NA,NA,1,1,2
62,"PCA-LDA",24,0,NA,NA,1,1,2
63,"CCA-LDA",32,4,NA,NA,1,1,2
63,"PCA-LDA",38,3,NA,NA,1,1,2
64,"CCA-LDA",38,5,NA,NA,1,1,2
64,"PCA-LDA",37,0,NA,NA,1,1,2
65,"CCA-LDA",39,4,NA,NA,1,1,2
65,"PCA-LDA",34,0,NA,NA,1,1,2
66,"CCA-LDA",18,3,NA,NA,1,1,2
66,"PCA-LDA",35,0,NA,NA,1,1,2
67,"CCA-LDA",32,3,NA,NA,1,1,2
67,"PCA-LDA",35,0,NA,NA,1,1,2
68,"CCA-LDA",32,1,NA,NA,1,1,2
68,"PCA-LDA",37,0,NA,NA,1,1,2
69,"CCA-LDA",35,4,NA,NA,1,1,2
69,"PCA-LDA",37,0,NA,NA,1,1,2
7,"CCA-LDA",38,3,NA,NA,1,1,2
7,"PCA-LDA",39,1,NA,NA,1,1,2
70,"CCA-LDA",16,5,NA,NA,1,1,2
70,"PCA-LDA",32,1,NA,NA,1,1,2
71,"CCA-LDA",10,5,NA,NA,1,1,2
71,"PCA-LDA",38,0,NA,NA,1,1,2
72,"CCA-LDA",30,1,NA,NA,1,1,2
72,"PCA-LDA",37,1,NA,NA,1,1,2
73,"CCA-LDA",16,5,NA,NA,1,1,2
73,"PCA-LDA",34,0,NA,NA,1,1,2
74,"CCA-LDA",35,4,NA,NA,1,1,2
74,"PCA-LDA",31,2,NA,NA,1,1,2
75,"CCA-LDA",17,4,NA,NA,1,1,2
75,"PCA-LDA",36,0,NA,NA,1,1,2
76,"CCA-LDA",25,3,NA,NA,1,1,2
76,"PCA-LDA",29,0,NA,NA,1,1,2
77,"CCA-LDA",16,5,NA,NA,1,1,2
77,"PCA-LDA",39,0,NA,NA,1,1,2
78,"CCA-LDA",34,2,NA,NA,1,1,2
78,"PCA-LDA",31,1,NA,NA,1,1,2
79,"CCA-LDA",33,1,NA,NA,1,1,2
79,"PCA-LDA",36,0,NA,NA,1,1,2
8,"CCA-LDA",23,4,NA,NA,1,1,2
8,"PCA-LDA",38,0,NA,NA,1,1,2
80,"CCA-LDA",37,3,NA,NA,1,1,2
80,"PCA-LDA",29,2,NA,NA,1,1,2
81,"CCA-LDA",34,4,NA,NA,1,1,2
81,"PCA-LDA",39,1,NA,NA,1,1,2
82,"CCA-LDA",35,7,NA,NA,1,1,2
82,"PCA-LDA",34,0,NA,NA,1,1,2
83,"CCA-LDA",27,4,NA,NA,1,1,2
83,"PCA-LDA",35,1,NA,NA,1,1,2
84,"CCA-LDA",25,4,NA,NA,1,1,2
84,"PCA-LDA",39,0,NA,NA,1,1,2
85,"CCA-LDA",38,2,NA,NA,1,1,2
85,"PCA-LDA",32,1,NA,NA,1,1,2
86,"CCA-LDA",14,2,NA,NA,1,1,2
86,"PCA-LDA",38,1,NA,NA,1,1,2
87,"CCA-LDA",11,0,NA,NA,1,1,2
87,"PCA-LDA",30,1,NA,NA,1,1,2
88,"CCA-LDA",34,4,NA,NA,1,1,2
88,"PCA-LDA",34,0,NA,NA,1,1,2
89,"CCA-LDA",38,0,NA,NA,1,1,2
89,"PCA-LDA",34,0,NA,NA,1,1,2
9,"CCA-LDA",38,2,NA,NA,1,1,2
9,"PCA-LDA",38,0,NA,NA,1,1,2
90,"CCA-LDA",24,5,NA,NA,1,1,2
90,"PCA-LDA",35,0,NA,NA,1,1,2
91,"CCA-LDA",39,4,NA,NA,1,1,2
91,"PCA-LDA",39,1,NA,NA,1,1,2
92,"CCA-LDA",38,3,NA,NA,1,1,2
92,"PCA-LDA",38,1,NA,NA,1,1,2
93,"CCA-LDA",33,4,NA,NA,1,1,2
93,"PCA-LDA",36,1,NA,NA,1,1,2
94,"CCA-LDA",37,3,NA,NA,1,1,2
94,"PCA-LDA",37,0,NA,NA,1,1,2
95,"CCA-LDA",28,5,NA,NA,1,1,2
95,"PCA-LDA",24,0,NA,NA,1,1,2
96,"CCA-LDA",25,4,NA,NA,1,1,2
96,"PCA-LDA",30,0,NA,NA,1,1,2
97,"CCA-LDA",35,0,NA,NA,1,1,2
97,"PCA-LDA",33,0,NA,NA,1,1,2
98,"CCA-LDA",37,5,NA,NA,1,1,2
98,"PCA-LDA",31,0,NA,NA,1,1,2
99,"CCA-LDA",28,1,NA,NA,1,1,2
99,"PCA-LDA",36,0,NA,NA,1,1,2
1,"CCA-LDA",NA,7,13,39,3,1,5
1,"PCA-LDA",NA,2,34,38,3,1,5
2,"CCA-LDA",NA,10,16,39,3,1,5
2,"PCA-LDA",NA,4,24,39,3,1,5
3,"CCA-LDA",NA,14,6,37,3,1,5
3,"PCA-LDA",NA,1,34,39,3,1,5
4,"CCA-LDA",NA,7,12,39,3,1,5
4,"PCA-LDA",NA,2,27,38,3,1,5
5,"CCA-LDA",NA,6,15,38,3,1,5
5,"PCA-LDA",NA,3,25,38,3,1,5
6,"CCA-LDA",NA,6,13,36,3,1,5
6,"PCA-LDA",NA,5,17,39,3,1,5
7,"CCA-LDA",NA,12,5,38,3,1,5
7,"PCA-LDA",NA,3,32,39,3,1,5
8,"CCA-LDA",NA,8,23,39,3,1,5
8,"PCA-LDA",NA,2,32,39,3,1,5
9,"CCA-LDA",NA,5,13,38,3,1,5
9,"PCA-LDA",NA,4,28,39,3,1,5
10,"CCA-LDA",NA,6,18,38,3,1,5
10,"PCA-LDA",NA,2,19,31,3,1,5
11,"CCA-LDA",NA,14,7,39,3,1,5
11,"PCA-LDA",NA,4,30,39,3,1,5
12,"CCA-LDA",NA,7,26,39,3,1,5
12,"PCA-LDA",NA,3,22,39,3,1,5
13,"CCA-LDA",NA,6,9,39,3,1,5
13,"PCA-LDA",NA,0,31,36,3,1,5
14,"CCA-LDA",NA,6,22,39,3,1,5
14,"PCA-LDA",NA,3,27,39,3,1,5
15,"CCA-LDA",NA,6,24,39,3,1,5
15,"PCA-LDA",NA,1,36,39,3,1,5
16,"CCA-LDA",NA,10,22,38,3,1,5
16,"PCA-LDA",NA,0,28,35,3,1,5
17,"CCA-LDA",NA,6,16,39,3,1,5
17,"PCA-LDA",NA,3,25,39,3,1,5
18,"CCA-LDA",NA,9,6,38,3,1,5
18,"PCA-LDA",NA,3,22,39,3,1,5
19,"CCA-LDA",NA,8,8,38,3,1,5
19,"PCA-LDA",NA,1,24,34,3,1,5
20,"CCA-LDA",NA,6,18,38,3,1,5
20,"PCA-LDA",NA,5,21,39,3,1,5
21,"CCA-LDA",NA,4,13,39,3,1,5
21,"PCA-LDA",NA,3,20,39,3,1,5
22,"CCA-LDA",NA,9,16,39,3,1,5
22,"PCA-LDA",NA,1,30,37,3,1,5
23,"CCA-LDA",NA,5,23,39,3,1,5
23,"PCA-LDA",NA,3,27,37,3,1,5
24,"CCA-LDA",NA,9,18,39,3,1,5
24,"PCA-LDA",NA,3,31,39,3,1,5
25,"CCA-LDA",NA,4,23,39,3,1,5
25,"PCA-LDA",NA,1,29,39,3,1,5
26,"CCA-LDA",NA,4,15,38,3,1,5
26,"PCA-LDA",NA,1,25,37,3,1,5
27,"CCA-LDA",NA,9,13,39,3,1,5
27,"PCA-LDA",NA,2,29,37,3,1,5
28,"CCA-LDA",NA,7,11,39,3,1,5
28,"PCA-LDA",NA,1,30,39,3,1,5
29,"CCA-LDA",NA,11,11,38,3,1,5
29,"PCA-LDA",NA,2,33,39,3,1,5
30,"CCA-LDA",NA,2,9,39,3,1,5
30,"PCA-LDA",NA,3,26,39,3,1,5
31,"CCA-LDA",NA,10,20,38,3,1,5
31,"PCA-LDA",NA,0,28,39,3,1,5
32,"CCA-LDA",NA,4,11,38,3,1,5
32,"PCA-LDA",NA,2,27,39,3,1,5
33,"CCA-LDA",NA,6,7,38,3,1,5
33,"PCA-LDA",NA,1,26,39,3,1,5
34,"CCA-LDA",NA,5,22,38,3,1,5
34,"PCA-LDA",NA,3,24,38,3,1,5
35,"CCA-LDA",NA,11,3,36,3,1,5
35,"PCA-LDA",NA,4,23,39,3,1,5
36,"CCA-LDA",NA,11,18,39,3,1,5
36,"PCA-LDA",NA,1,26,39,3,1,5
37,"CCA-LDA",NA,7,13,39,3,1,5
37,"PCA-LDA",NA,0,28,35,3,1,5
38,"CCA-LDA",NA,9,16,38,3,1,5
38,"PCA-LDA",NA,0,26,35,3,1,5
39,"CCA-LDA",NA,8,17,38,3,1,5
39,"PCA-LDA",NA,2,26,39,3,1,5
40,"CCA-LDA",NA,2,26,39,3,1,5
40,"PCA-LDA",NA,0,30,39,3,1,5
41,"CCA-LDA",NA,8,7,37,3,1,5
41,"PCA-LDA",NA,2,12,39,3,1,5
42,"CCA-LDA",NA,5,15,37,3,1,5
42,"PCA-LDA",NA,1,16,38,3,1,5
43,"CCA-LDA",NA,9,4,39,3,1,5
43,"PCA-LDA",NA,3,28,39,3,1,5
44,"CCA-LDA",NA,6,26,39,3,1,5
44,"PCA-LDA",NA,2,27,38,3,1,5
45,"CCA-LDA",NA,6,19,39,3,1,5
45,"PCA-LDA",NA,0,24,39,3,1,5
46,"CCA-LDA",NA,4,7,39,3,1,5
46,"PCA-LDA",NA,4,16,38,3,1,5
47,"CCA-LDA",NA,1,21,38,3,1,5
47,"PCA-LDA",NA,0,27,38,3,1,5
48,"CCA-LDA",NA,11,16,39,3,1,5
48,"PCA-LDA",NA,1,29,38,3,1,5
49,"CCA-LDA",NA,6,13,37,3,1,5
49,"PCA-LDA",NA,0,11,39,3,1,5
50,"CCA-LDA",NA,12,5,38,3,1,5
50,"PCA-LDA",NA,0,31,38,3,1,5
51,"CCA-LDA",NA,6,4,37,3,1,5
51,"PCA-LDA",NA,1,31,39,3,1,5
52,"CCA-LDA",NA,9,7,39,3,1,5
52,"PCA-LDA",NA,0,34,39,3,1,5
53,"CCA-LDA",NA,6,13,39,3,1,5
53,"PCA-LDA",NA,4,20,39,3,1,5
54,"CCA-LDA",NA,8,21,39,3,1,5
54,"PCA-LDA",NA,2,22,39,3,1,5
55,"CCA-LDA",NA,4,14,39,3,1,5
55,"PCA-LDA",NA,2,34,38,3,1,5
56,"CCA-LDA",NA,4,17,39,3,1,5
56,"PCA-LDA",NA,1,21,37,3,1,5
57,"CCA-LDA",NA,4,12,38,3,1,5
57,"PCA-LDA",NA,1,30,38,3,1,5
58,"CCA-LDA",NA,10,13,39,3,1,5
58,"PCA-LDA",NA,4,23,39,3,1,5
59,"CCA-LDA",NA,8,19,39,3,1,5
59,"PCA-LDA",NA,1,28,36,3,1,5
60,"CCA-LDA",NA,13,3,37,3,1,5
60,"PCA-LDA",NA,3,29,38,3,1,5
61,"CCA-LDA",NA,11,16,39,3,1,5
61,"PCA-LDA",NA,1,30,39,3,1,5
62,"CCA-LDA",NA,6,15,38,3,1,5
62,"PCA-LDA",NA,0,20,25,3,1,5
63,"CCA-LDA",NA,14,9,33,3,1,5
63,"PCA-LDA",NA,4,20,39,3,1,5
64,"CCA-LDA",NA,8,10,38,3,1,5
64,"PCA-LDA",NA,2,30,38,3,1,5
65,"CCA-LDA",NA,12,13,39,3,1,5
65,"PCA-LDA",NA,1,33,39,3,1,5
66,"CCA-LDA",NA,7,14,39,3,1,5
66,"PCA-LDA",NA,0,29,35,3,1,5
67,"CCA-LDA",NA,9,11,39,3,1,5
67,"PCA-LDA",NA,2,30,39,3,1,5
68,"CCA-LDA",NA,2,14,39,3,1,5
68,"PCA-LDA",NA,2,28,39,3,1,5
69,"CCA-LDA",NA,12,10,39,3,1,5
69,"PCA-LDA",NA,0,32,38,3,1,5
70,"CCA-LDA",NA,10,13,38,3,1,5
70,"PCA-LDA",NA,2,28,37,3,1,5
71,"CCA-LDA",NA,10,8,39,3,1,5
71,"PCA-LDA",NA,2,32,39,3,1,5
72,"CCA-LDA",NA,2,26,39,3,1,5
72,"PCA-LDA",NA,1,31,39,3,1,5
73,"CCA-LDA",NA,8,13,39,3,1,5
73,"PCA-LDA",NA,3,29,38,3,1,5
74,"CCA-LDA",NA,10,2,37,3,1,5
74,"PCA-LDA",NA,4,27,39,3,1,5
75,"CCA-LDA",NA,8,12,39,3,1,5
75,"PCA-LDA",NA,3,29,38,3,1,5
76,"CCA-LDA",NA,6,14,39,3,1,5
76,"PCA-LDA",NA,0,22,34,3,1,5
77,"CCA-LDA",NA,6,10,39,3,1,5
77,"PCA-LDA",NA,3,31,39,3,1,5
78,"CCA-LDA",NA,7,15,39,3,1,5
78,"PCA-LDA",NA,1,30,39,3,1,5
79,"CCA-LDA",NA,4,23,38,3,1,5
79,"PCA-LDA",NA,1,29,39,3,1,5
80,"CCA-LDA",NA,12,13,35,3,1,5
80,"PCA-LDA",NA,4,16,39,3,1,5
81,"CCA-LDA",NA,9,12,39,3,1,5
81,"PCA-LDA",NA,2,34,39,3,1,5
82,"CCA-LDA",NA,10,7,39,3,1,5
82,"PCA-LDA",NA,0,30,39,3,1,5
83,"CCA-LDA",NA,5,13,39,3,1,5
83,"PCA-LDA",NA,4,22,39,3,1,5
84,"CCA-LDA",NA,11,3,39,3,1,5
84,"PCA-LDA",NA,2,29,39,3,1,5
85,"CCA-LDA",NA,9,11,39,3,1,5
85,"PCA-LDA",NA,2,17,39,3,1,5
86,"CCA-LDA",NA,7,14,39,3,1,5
86,"PCA-LDA",NA,3,28,38,3,1,5
87,"CCA-LDA",NA,4,9,36,3,1,5
87,"PCA-LDA",NA,2,28,38,3,1,5
88,"CCA-LDA",NA,11,7,39,3,1,5
88,"PCA-LDA",NA,1,28,39,3,1,5
89,"CCA-LDA",NA,9,16,38,3,1,5
89,"PCA-LDA",NA,2,26,39,3,1,5
90,"CCA-LDA",NA,8,7,39,3,1,5
90,"PCA-LDA",NA,0,31,39,3,1,5
91,"CCA-LDA",NA,9,22,39,3,1,5
91,"PCA-LDA",NA,2,32,39,3,1,5
92,"CCA-LDA",NA,8,14,39,3,1,5
92,"PCA-LDA",NA,2,22,39,3,1,5
93,"CCA-LDA",NA,14,6,39,3,1,5
93,"PCA-LDA",NA,2,31,39,3,1,5
94,"CCA-LDA",NA,2,15,39,3,1,5
94,"PCA-LDA",NA,1,33,39,3,1,5
95,"CCA-LDA",NA,6,17,37,3,1,5
95,"PCA-LDA",NA,0,23,29,3,1,5
96,"CCA-LDA",NA,10,20,39,3,1,5
96,"PCA-LDA",NA,0,27,38,3,1,5
97,"CCA-LDA",NA,7,10,38,3,1,5
97,"PCA-LDA",NA,0,28,39,3,1,5
98,"CCA-LDA",NA,12,9,39,3,1,5
98,"PCA-LDA",NA,0,31,36,3,1,5
99,"CCA-LDA",NA,6,16,38,3,1,5
99,"PCA-LDA",NA,1,13,38,3,1,5
100,"CCA-LDA",NA,4,14,39,3,1,5
100,"PCA-LDA",NA,2,17,39,3,1,5
101,"CCA-LDA",NA,8,14,38,3,1,5
101,"PCA-LDA",NA,2,31,39,3,1,5
102,"CCA-LDA",NA,5,11,37,3,1,5
102,"PCA-LDA",NA,2,25,37,3,1,5
103,"CCA-LDA",NA,10,14,38,3,1,5
103,"PCA-LDA",NA,2,33,39,3,1,5
104,"CCA-LDA",NA,8,9,37,3,1,5
104,"PCA-LDA",NA,4,22,38,3,1,5
105,"CCA-LDA",NA,11,15,39,3,1,5
105,"PCA-LDA",NA,0,28,38,3,1,5
106,"CCA-LDA",NA,4,29,39,3,1,5
106,"PCA-LDA",NA,1,24,38,3,1,5
107,"CCA-LDA",NA,5,17,37,3,1,5
107,"PCA-LDA",NA,2,25,39,3,1,5
108,"CCA-LDA",NA,5,21,39,3,1,5
108,"PCA-LDA",NA,1,31,37,3,1,5
109,"CCA-LDA",NA,6,12,39,3,1,5
109,"PCA-LDA",NA,1,32,38,3,1,5
110,"CCA-LDA",NA,9,14,39,3,1,5
110,"PCA-LDA",NA,3,27,39,3,1,5
111,"CCA-LDA",NA,7,18,39,3,1,5
111,"PCA-LDA",NA,0,28,37,3,1,5
112,"CCA-LDA",NA,7,5,38,3,1,5
112,"PCA-LDA",NA,2,20,39,3,1,5
113,"CCA-LDA",NA,6,10,39,3,1,5
113,"PCA-LDA",NA,1,31,39,3,1,5
114,"CCA-LDA",NA,6,24,39,3,1,5
114,"PCA-LDA",NA,2,17,39,3,1,5
115,"CCA-LDA",NA,5,7,37,3,1,5
115,"PCA-LDA",NA,3,11,38,3,1,5
116,"CCA-LDA",NA,4,27,39,3,1,5
116,"PCA-LDA",NA,2,31,39,3,1,5
117,"CCA-LDA",NA,2,4,39,3,1,5
117,"PCA-LDA",NA,1,21,39,3,1,5
118,"CCA-LDA",NA,5,10,39,3,1,5
118,"PCA-LDA",NA,3,18,39,3,1,5
119,"CCA-LDA",NA,7,5,38,3,1,5
119,"PCA-LDA",NA,1,29,39,3,1,5
120,"CCA-LDA",NA,9,21,35,3,1,5
120,"PCA-LDA",NA,1,21,36,3,1,5
121,"CCA-LDA",NA,6,4,39,3,1,5
121,"PCA-LDA",NA,1,28,39,3,1,5
122,"CCA-LDA",NA,5,16,37,3,1,5
122,"PCA-LDA",NA,2,15,39,3,1,5
123,"CCA-LDA",NA,10,9,39,3,1,5
123,"PCA-LDA",NA,1,32,38,3,1,5
124,"CCA-LDA",NA,11,7,37,3,1,5
124,"PCA-LDA",NA,0,28,36,3,1,5
125,"CCA-LDA",NA,4,16,39,3,1,5
125,"PCA-LDA",NA,2,21,39,3,1,5
126,"CCA-LDA",NA,7,12,39,3,1,5
126,"PCA-LDA",NA,0,27,39,3,1,5
127,"CCA-LDA",NA,11,2,39,3,1,5
127,"PCA-LDA",NA,2,32,38,3,1,5
128,"CCA-LDA",NA,4,21,39,3,1,5
128,"PCA-LDA",NA,1,29,39,3,1,5
129,"CCA-LDA",NA,6,17,39,3,1,5
129,"PCA-LDA",NA,1,23,39,3,1,5
130,"CCA-LDA",NA,10,16,39,3,1,5
130,"PCA-LDA",NA,2,14,39,3,1,5
131,"CCA-LDA",NA,4,22,39,3,1,5
131,"PCA-LDA",NA,1,29,36,3,1,5
132,"CCA-LDA",NA,3,15,39,3,1,5
132,"PCA-LDA",NA,0,28,38,3,1,5
133,"CCA-LDA",NA,11,13,39,3,1,5
133,"PCA-LDA",NA,1,35,39,3,1,5
134,"CCA-LDA",NA,9,11,39,3,1,5
134,"PCA-LDA",NA,1,24,39,3,1,5
135,"CCA-LDA",NA,8,10,39,3,1,5
135,"PCA-LDA",NA,2,30,39,3,1,5
136,"CCA-LDA",NA,6,3,37,3,1,5
136,"PCA-LDA",NA,1,24,39,3,1,5
137,"CCA-LDA",NA,8,17,37,3,1,5
137,"PCA-LDA",NA,5,12,39,3,1,5
138,"CCA-LDA",NA,6,29,39,3,1,5
138,"PCA-LDA",NA,1,25,37,3,1,5
139,"CCA-LDA",NA,9,13,37,3,1,5
139,"PCA-LDA",NA,4,27,39,3,1,5
140,"CCA-LDA",NA,5,6,39,3,1,5
140,"PCA-LDA",NA,0,30,39,3,1,5
141,"CCA-LDA",NA,15,19,39,3,1,5
141,"PCA-LDA",NA,2,29,39,3,1,5
142,"CCA-LDA",NA,6,23,39,3,1,5
142,"PCA-LDA",NA,1,33,39,3,1,5
143,"CCA-LDA",NA,8,17,39,3,1,5
143,"PCA-LDA",NA,2,33,39,3,1,5
144,"CCA-LDA",NA,6,9,39,3,1,5
144,"PCA-LDA",NA,1,13,38,3,1,5
145,"CCA-LDA",NA,5,20,39,3,1,5
145,"PCA-LDA",NA,0,32,39,3,1,5
146,"CCA-LDA",NA,8,18,39,3,1,5
146,"PCA-LDA",NA,2,30,38,3,1,5
147,"CCA-LDA",NA,9,18,39,3,1,5
147,"PCA-LDA",NA,1,28,39,3,1,5
148,"CCA-LDA",NA,11,7,37,3,1,5
148,"PCA-LDA",NA,3,30,38,3,1,5
149,"CCA-LDA",NA,7,15,39,3,1,5
149,"PCA-LDA",NA,1,29,39,3,1,5
150,"CCA-LDA",NA,4,10,39,3,1,5
150,"PCA-LDA",NA,2,33,39,3,1,5
151,"CCA-LDA",NA,4,15,39,3,1,5
151,"PCA-LDA",NA,1,24,35,3,1,5
152,"CCA-LDA",NA,9,5,39,3,1,5
152,"PCA-LDA",NA,4,29,39,3,1,5
153,"CCA-LDA",NA,10,13,37,3,1,5
153,"PCA-LDA",NA,2,25,39,3,1,5
154,"CCA-LDA",NA,5,9,36,3,1,5
154,"PCA-LDA",NA,2,25,39,3,1,5
155,"CCA-LDA",NA,9,18,38,3,1,5
155,"PCA-LDA",NA,2,21,37,3,1,5
156,"CCA-LDA",NA,5,24,39,3,1,5
156,"PCA-LDA",NA,1,26,36,3,1,5
157,"CCA-LDA",NA,7,12,36,3,1,5
157,"PCA-LDA",NA,6,17,37,3,1,5
158,"CCA-LDA",NA,5,14,38,3,1,5
158,"PCA-LDA",NA,2,21,37,3,1,5
159,"CCA-LDA",NA,11,19,37,3,1,5
159,"PCA-LDA",NA,1,27,39,3,1,5
160,"CCA-LDA",NA,8,24,39,3,1,5
160,"PCA-LDA",NA,1,33,39,3,1,5
161,"CCA-LDA",NA,6,7,39,3,1,5
161,"PCA-LDA",NA,6,18,39,3,1,5
162,"CCA-LDA",NA,10,2,36,3,1,5
162,"PCA-LDA",NA,2,34,39,3,1,5
163,"CCA-LDA",NA,8,20,39,3,1,5
163,"PCA-LDA",NA,3,22,32,3,1,5
164,"CCA-LDA",NA,13,12,38,3,1,5
164,"PCA-LDA",NA,3,25,39,3,1,5
165,"CCA-LDA",NA,6,11,38,3,1,5
165,"PCA-LDA",NA,3,23,39,3,1,5
166,"CCA-LDA",NA,9,14,39,3,1,5
166,"PCA-LDA",NA,1,24,38,3,1,5
167,"CCA-LDA",NA,8,8,37,3,1,5
167,"PCA-LDA",NA,2,31,39,3,1,5
168,"CCA-LDA",NA,6,7,39,3,1,5
168,"PCA-LDA",NA,2,23,38,3,1,5
169,"CCA-LDA",NA,9,19,39,3,1,5
169,"PCA-LDA",NA,2,26,39,3,1,5
170,"CCA-LDA",NA,11,15,38,3,1,5
170,"PCA-LDA",NA,2,32,38,3,1,5
171,"CCA-LDA",NA,10,14,39,3,1,5
171,"PCA-LDA",NA,0,27,38,3,1,5
172,"CCA-LDA",NA,12,8,39,3,1,5
172,"PCA-LDA",NA,3,32,39,3,1,5
173,"CCA-LDA",NA,4,8,38,3,1,5
173,"PCA-LDA",NA,0,23,33,3,1,5
174,"CCA-LDA",NA,5,22,39,3,1,5
174,"PCA-LDA",NA,2,20,39,3,1,5
175,"CCA-LDA",NA,7,13,39,3,1,5
175,"PCA-LDA",NA,1,31,39,3,1,5
176,"CCA-LDA",NA,7,11,37,3,1,5
176,"PCA-LDA",NA,1,17,34,3,1,5
177,"CCA-LDA",NA,9,15,37,3,1,5
177,"PCA-LDA",NA,2,28,39,3,1,5
178,"CCA-LDA",NA,6,11,39,3,1,5
178,"PCA-LDA",NA,6,22,39,3,1,5
179,"CCA-LDA",NA,4,23,39,3,1,5
179,"PCA-LDA",NA,1,32,36,3,1,5
180,"CCA-LDA",NA,5,12,39,3,1,5
180,"PCA-LDA",NA,1,29,38,3,1,5
181,"CCA-LDA",NA,9,15,38,3,1,5
181,"PCA-LDA",NA,3,18,39,3,1,5
182,"CCA-LDA",NA,7,4,39,3,1,5
182,"PCA-LDA",NA,1,32,38,3,1,5
183,"CCA-LDA",NA,10,19,38,3,1,5
183,"PCA-LDA",NA,4,22,39,3,1,5
184,"CCA-LDA",NA,6,29,39,3,1,5
184,"PCA-LDA",NA,2,25,37,3,1,5
185,"CCA-LDA",NA,2,5,38,3,1,5
185,"PCA-LDA",NA,3,10,39,3,1,5
186,"CCA-LDA",NA,4,19,39,3,1,5
186,"PCA-LDA",NA,2,33,39,3,1,5
187,"CCA-LDA",NA,5,6,39,3,1,5
187,"PCA-LDA",NA,3,17,38,3,1,5
188,"CCA-LDA",NA,6,15,37,3,1,5
188,"PCA-LDA",NA,0,23,38,3,1,5
189,"CCA-LDA",NA,6,14,39,3,1,5
189,"PCA-LDA",NA,2,30,39,3,1,5
190,"CCA-LDA",NA,4,20,39,3,1,5
190,"PCA-LDA",NA,0,31,38,3,1,5
191,"CCA-LDA",NA,7,8,39,3,1,5
191,"PCA-LDA",NA,4,28,39,3,1,5
192,"CCA-LDA",NA,4,20,39,3,1,5
192,"PCA-LDA",NA,0,29,36,3,1,5
193,"CCA-LDA",NA,10,14,39,3,1,5
193,"PCA-LDA",NA,0,29,38,3,1,5
194,"CCA-LDA",NA,13,18,38,3,1,5
194,"PCA-LDA",NA,1,32,39,3,1,5
195,"CCA-LDA",NA,8,12,38,3,1,5
195,"PCA-LDA",NA,2,28,39,3,1,5
196,"CCA-LDA",NA,7,16,39,3,1,5
196,"PCA-LDA",NA,3,26,39,3,1,5
197,"CCA-LDA",NA,11,15,39,3,1,5
197,"PCA-LDA",NA,1,30,39,3,1,5
198,"CCA-LDA",NA,5,22,39,3,1,5
198,"PCA-LDA",NA,2,31,39,3,1,5
199,"CCA-LDA",NA,7,18,39,3,1,5
199,"PCA-LDA",NA,6,22,37,3,1,5
200,"CCA-LDA",NA,6,5,39,3,1,5
200,"PCA-LDA",NA,4,27,39,3,1,5
1,"CCA-LDA",36,0,NA,NA,1,2,3
1,"PCA-LDA",26,0,NA,NA,1,2,3
10,"CCA-LDA",22,0,NA,NA,1,2,3
10,"PCA-LDA",18,1,NA,NA,1,2,3
100,"CCA-LDA",38,0,NA,NA,1,2,3
100,"PCA-LDA",30,0,NA,NA,1,2,3
101,"CCA-LDA",32,2,NA,NA,1,2,3
101,"PCA-LDA",32,0,NA,NA,1,2,3
102,"CCA-LDA",38,0,NA,NA,1,2,3
102,"PCA-LDA",33,0,NA,NA,1,2,3
103,"CCA-LDA",32,1,NA,NA,1,2,3
103,"PCA-LDA",36,0,NA,NA,1,2,3
104,"CCA-LDA",18,1,NA,NA,1,2,3
104,"PCA-LDA",39,0,NA,NA,1,2,3
105,"CCA-LDA",14,0,NA,NA,1,2,3
105,"PCA-LDA",24,0,NA,NA,1,2,3
106,"CCA-LDA",28,0,NA,NA,1,2,3
106,"PCA-LDA",28,0,NA,NA,1,2,3
107,"CCA-LDA",37,1,NA,NA,1,2,3
107,"PCA-LDA",25,0,NA,NA,1,2,3
108,"CCA-LDA",27,1,NA,NA,1,2,3
108,"PCA-LDA",24,0,NA,NA,1,2,3
109,"CCA-LDA",36,0,NA,NA,1,2,3
109,"PCA-LDA",33,0,NA,NA,1,2,3
11,"CCA-LDA",18,0,NA,NA,1,2,3
11,"PCA-LDA",30,0,NA,NA,1,2,3
110,"CCA-LDA",37,0,NA,NA,1,2,3
110,"PCA-LDA",37,0,NA,NA,1,2,3
111,"CCA-LDA",37,0,NA,NA,1,2,3
111,"PCA-LDA",26,0,NA,NA,1,2,3
112,"CCA-LDA",33,0,NA,NA,1,2,3
112,"PCA-LDA",19,1,NA,NA,1,2,3
113,"CCA-LDA",36,0,NA,NA,1,2,3
113,"PCA-LDA",30,0,NA,NA,1,2,3
114,"CCA-LDA",16,0,NA,NA,1,2,3
114,"PCA-LDA",33,0,NA,NA,1,2,3
115,"CCA-LDA",28,0,NA,NA,1,2,3
115,"PCA-LDA",33,0,NA,NA,1,2,3
116,"CCA-LDA",24,0,NA,NA,1,2,3
116,"PCA-LDA",29,0,NA,NA,1,2,3
117,"CCA-LDA",37,0,NA,NA,1,2,3
117,"PCA-LDA",36,0,NA,NA,1,2,3
118,"CCA-LDA",13,2,NA,NA,1,2,3
118,"PCA-LDA",31,2,NA,NA,1,2,3
119,"CCA-LDA",27,0,NA,NA,1,2,3
119,"PCA-LDA",32,0,NA,NA,1,2,3
12,"CCA-LDA",14,2,NA,NA,1,2,3
12,"PCA-LDA",39,0,NA,NA,1,2,3
120,"CCA-LDA",31,0,NA,NA,1,2,3
120,"PCA-LDA",28,0,NA,NA,1,2,3
121,"CCA-LDA",17,0,NA,NA,1,2,3
121,"PCA-LDA",33,1,NA,NA,1,2,3
122,"CCA-LDA",28,0,NA,NA,1,2,3
122,"PCA-LDA",31,1,NA,NA,1,2,3
123,"CCA-LDA",25,0,NA,NA,1,2,3
123,"PCA-LDA",28,0,NA,NA,1,2,3
124,"CCA-LDA",17,0,NA,NA,1,2,3
124,"PCA-LDA",27,0,NA,NA,1,2,3
125,"CCA-LDA",14,0,NA,NA,1,2,3
125,"PCA-LDA",27,1,NA,NA,1,2,3
126,"CCA-LDA",16,0,NA,NA,1,2,3
126,"PCA-LDA",24,0,NA,NA,1,2,3
127,"CCA-LDA",22,0,NA,NA,1,2,3
127,"PCA-LDA",31,0,NA,NA,1,2,3
128,"CCA-LDA",36,0,NA,NA,1,2,3
128,"PCA-LDA",28,0,NA,NA,1,2,3
129,"CCA-LDA",33,0,NA,NA,1,2,3
129,"PCA-LDA",34,0,NA,NA,1,2,3
13,"CCA-LDA",14,0,NA,NA,1,2,3
13,"PCA-LDA",27,0,NA,NA,1,2,3
130,"CCA-LDA",15,0,NA,NA,1,2,3
130,"PCA-LDA",19,1,NA,NA,1,2,3
131,"CCA-LDA",29,0,NA,NA,1,2,3
131,"PCA-LDA",31,0,NA,NA,1,2,3
132,"CCA-LDA",32,1,NA,NA,1,2,3
132,"PCA-LDA",28,0,NA,NA,1,2,3
133,"CCA-LDA",28,2,NA,NA,1,2,3
133,"PCA-LDA",36,0,NA,NA,1,2,3
134,"CCA-LDA",34,0,NA,NA,1,2,3
134,"PCA-LDA",37,0,NA,NA,1,2,3
135,"CCA-LDA",28,0,NA,NA,1,2,3
135,"PCA-LDA",37,0,NA,NA,1,2,3
136,"CCA-LDA",20,0,NA,NA,1,2,3
136,"PCA-LDA",22,1,NA,NA,1,2,3
137,"CCA-LDA",36,0,NA,NA,1,2,3
137,"PCA-LDA",30,1,NA,NA,1,2,3
138,"CCA-LDA",32,0,NA,NA,1,2,3
138,"PCA-LDA",26,0,NA,NA,1,2,3
139,"CCA-LDA",23,0,NA,NA,1,2,3
139,"PCA-LDA",36,0,NA,NA,1,2,3
14,"CCA-LDA",12,0,NA,NA,1,2,3
14,"PCA-LDA",33,0,NA,NA,1,2,3
140,"CCA-LDA",17,0,NA,NA,1,2,3
140,"PCA-LDA",32,0,NA,NA,1,2,3
141,"CCA-LDA",34,0,NA,NA,1,2,3
141,"PCA-LDA",37,0,NA,NA,1,2,3
142,"CCA-LDA",32,0,NA,NA,1,2,3
142,"PCA-LDA",32,0,NA,NA,1,2,3
143,"CCA-LDA",32,0,NA,NA,1,2,3
143,"PCA-LDA",34,0,NA,NA,1,2,3
144,"CCA-LDA",13,1,NA,NA,1,2,3
144,"PCA-LDA",33,0,NA,NA,1,2,3
145,"CCA-LDA",20,0,NA,NA,1,2,3
145,"PCA-LDA",32,0,NA,NA,1,2,3
146,"CCA-LDA",16,0,NA,NA,1,2,3
146,"PCA-LDA",36,0,NA,NA,1,2,3
147,"CCA-LDA",17,2,NA,NA,1,2,3
147,"PCA-LDA",29,0,NA,NA,1,2,3
148,"CCA-LDA",21,0,NA,NA,1,2,3
148,"PCA-LDA",35,0,NA,NA,1,2,3
149,"CCA-LDA",30,0,NA,NA,1,2,3
149,"PCA-LDA",32,0,NA,NA,1,2,3
15,"CCA-LDA",33,0,NA,NA,1,2,3
15,"PCA-LDA",36,0,NA,NA,1,2,3
150,"CCA-LDA",36,0,NA,NA,1,2,3
150,"PCA-LDA",33,1,NA,NA,1,2,3
151,"CCA-LDA",14,0,NA,NA,1,2,3
151,"PCA-LDA",23,0,NA,NA,1,2,3
152,"CCA-LDA",32,0,NA,NA,1,2,3
152,"PCA-LDA",31,1,NA,NA,1,2,3
153,"CCA-LDA",38,2,NA,NA,1,2,3
153,"PCA-LDA",31,0,NA,NA,1,2,3
154,"CCA-LDA",15,1,NA,NA,1,2,3
154,"PCA-LDA",27,0,NA,NA,1,2,3
155,"CCA-LDA",30,0,NA,NA,1,2,3
155,"PCA-LDA",32,0,NA,NA,1,2,3
156,"CCA-LDA",32,0,NA,NA,1,2,3
156,"PCA-LDA",22,0,NA,NA,1,2,3
157,"CCA-LDA",39,2,NA,NA,1,2,3
157,"PCA-LDA",22,1,NA,NA,1,2,3
158,"CCA-LDA",26,0,NA,NA,1,2,3
158,"PCA-LDA",28,0,NA,NA,1,2,3
159,"CCA-LDA",14,0,NA,NA,1,2,3
159,"PCA-LDA",29,0,NA,NA,1,2,3
16,"CCA-LDA",16,0,NA,NA,1,2,3
16,"PCA-LDA",27,0,NA,NA,1,2,3
160,"CCA-LDA",29,0,NA,NA,1,2,3
160,"PCA-LDA",36,0,NA,NA,1,2,3
161,"CCA-LDA",14,0,NA,NA,1,2,3
161,"PCA-LDA",36,2,NA,NA,1,2,3
162,"CCA-LDA",38,1,NA,NA,1,2,3
162,"PCA-LDA",37,1,NA,NA,1,2,3
163,"CCA-LDA",29,1,NA,NA,1,2,3
163,"PCA-LDA",22,2,NA,NA,1,2,3
164,"CCA-LDA",34,0,NA,NA,1,2,3
164,"PCA-LDA",36,0,NA,NA,1,2,3
165,"CCA-LDA",14,1,NA,NA,1,2,3
165,"PCA-LDA",33,0,NA,NA,1,2,3
166,"CCA-LDA",24,0,NA,NA,1,2,3
166,"PCA-LDA",29,0,NA,NA,1,2,3
167,"CCA-LDA",25,0,NA,NA,1,2,3
167,"PCA-LDA",33,1,NA,NA,1,2,3
168,"CCA-LDA",15,0,NA,NA,1,2,3
168,"PCA-LDA",29,0,NA,NA,1,2,3
169,"CCA-LDA",13,2,NA,NA,1,2,3
169,"PCA-LDA",29,0,NA,NA,1,2,3
17,"CCA-LDA",28,0,NA,NA,1,2,3
17,"PCA-LDA",38,0,NA,NA,1,2,3
170,"CCA-LDA",15,2,NA,NA,1,2,3
170,"PCA-LDA",31,0,NA,NA,1,2,3
171,"CCA-LDA",32,0,NA,NA,1,2,3
171,"PCA-LDA",34,0,NA,NA,1,2,3
172,"CCA-LDA",35,1,NA,NA,1,2,3
172,"PCA-LDA",36,0,NA,NA,1,2,3
173,"CCA-LDA",23,0,NA,NA,1,2,3
173,"PCA-LDA",23,0,NA,NA,1,2,3
174,"CCA-LDA",31,0,NA,NA,1,2,3
174,"PCA-LDA",31,0,NA,NA,1,2,3
175,"CCA-LDA",28,0,NA,NA,1,2,3
175,"PCA-LDA",34,0,NA,NA,1,2,3
176,"CCA-LDA",30,0,NA,NA,1,2,3
176,"PCA-LDA",27,0,NA,NA,1,2,3
177,"CCA-LDA",36,0,NA,NA,1,2,3
177,"PCA-LDA",32,0,NA,NA,1,2,3
178,"CCA-LDA",32,0,NA,NA,1,2,3
178,"PCA-LDA",33,1,NA,NA,1,2,3
179,"CCA-LDA",28,0,NA,NA,1,2,3
179,"PCA-LDA",28,0,NA,NA,1,2,3
18,"CCA-LDA",29,1,NA,NA,1,2,3
18,"PCA-LDA",34,1,NA,NA,1,2,3
180,"CCA-LDA",18,0,NA,NA,1,2,3
180,"PCA-LDA",32,0,NA,NA,1,2,3
181,"CCA-LDA",13,0,NA,NA,1,2,3
181,"PCA-LDA",34,0,NA,NA,1,2,3
182,"CCA-LDA",31,1,NA,NA,1,2,3
182,"PCA-LDA",32,0,NA,NA,1,2,3
183,"CCA-LDA",37,1,NA,NA,1,2,3
183,"PCA-LDA",36,1,NA,NA,1,2,3
184,"CCA-LDA",13,0,NA,NA,1,2,3
184,"PCA-LDA",38,0,NA,NA,1,2,3
185,"CCA-LDA",21,2,NA,NA,1,2,3
185,"PCA-LDA",34,0,NA,NA,1,2,3
186,"CCA-LDA",39,0,NA,NA,1,2,3
186,"PCA-LDA",31,0,NA,NA,1,2,3
187,"CCA-LDA",26,0,NA,NA,1,2,3
187,"PCA-LDA",35,0,NA,NA,1,2,3
188,"CCA-LDA",19,0,NA,NA,1,2,3
188,"PCA-LDA",22,0,NA,NA,1,2,3
189,"CCA-LDA",21,0,NA,NA,1,2,3
189,"PCA-LDA",29,0,NA,NA,1,2,3
19,"CCA-LDA",25,0,NA,NA,1,2,3
19,"PCA-LDA",31,0,NA,NA,1,2,3
190,"CCA-LDA",31,0,NA,NA,1,2,3
190,"PCA-LDA",26,0,NA,NA,1,2,3
191,"CCA-LDA",16,2,NA,NA,1,2,3
191,"PCA-LDA",35,2,NA,NA,1,2,3
192,"CCA-LDA",14,0,NA,NA,1,2,3
192,"PCA-LDA",26,0,NA,NA,1,2,3
193,"CCA-LDA",22,0,NA,NA,1,2,3
193,"PCA-LDA",28,0,NA,NA,1,2,3
194,"CCA-LDA",28,0,NA,NA,1,2,3
194,"PCA-LDA",25,0,NA,NA,1,2,3
195,"CCA-LDA",18,3,NA,NA,1,2,3
195,"PCA-LDA",38,1,NA,NA,1,2,3
196,"CCA-LDA",25,0,NA,NA,1,2,3
196,"PCA-LDA",34,0,NA,NA,1,2,3
197,"CCA-LDA",20,0,NA,NA,1,2,3
197,"PCA-LDA",32,0,NA,NA,1,2,3
198,"CCA-LDA",31,0,NA,NA,1,2,3
198,"PCA-LDA",25,0,NA,NA,1,2,3
199,"CCA-LDA",14,0,NA,NA,1,2,3
199,"PCA-LDA",39,1,NA,NA,1,2,3
2,"CCA-LDA",32,0,NA,NA,1,2,3
2,"PCA-LDA",38,0,NA,NA,1,2,3
20,"CCA-LDA",16,1,NA,NA,1,2,3
20,"PCA-LDA",35,0,NA,NA,1,2,3
200,"CCA-LDA",25,1,NA,NA,1,2,3
200,"PCA-LDA",35,0,NA,NA,1,2,3
21,"CCA-LDA",14,0,NA,NA,1,2,3
21,"PCA-LDA",34,0,NA,NA,1,2,3
22,"CCA-LDA",16,0,NA,NA,1,2,3
22,"PCA-LDA",25,0,NA,NA,1,2,3
23,"CCA-LDA",37,0,NA,NA,1,2,3
23,"PCA-LDA",25,0,NA,NA,1,2,3
24,"CCA-LDA",34,1,NA,NA,1,2,3
24,"PCA-LDA",34,0,NA,NA,1,2,3
25,"CCA-LDA",29,0,NA,NA,1,2,3
25,"PCA-LDA",27,0,NA,NA,1,2,3
26,"CCA-LDA",14,0,NA,NA,1,2,3
26,"PCA-LDA",29,0,NA,NA,1,2,3
27,"CCA-LDA",13,2,NA,NA,1,2,3
27,"PCA-LDA",30,0,NA,NA,1,2,3
28,"CCA-LDA",30,0,NA,NA,1,2,3
28,"PCA-LDA",36,0,NA,NA,1,2,3
29,"CCA-LDA",21,1,NA,NA,1,2,3
29,"PCA-LDA",32,0,NA,NA,1,2,3
3,"CCA-LDA",27,0,NA,NA,1,2,3
3,"PCA-LDA",30,0,NA,NA,1,2,3
30,"CCA-LDA",36,3,NA,NA,1,2,3
30,"PCA-LDA",38,0,NA,NA,1,2,3
31,"CCA-LDA",20,0,NA,NA,1,2,3
31,"PCA-LDA",32,0,NA,NA,1,2,3
32,"CCA-LDA",20,0,NA,NA,1,2,3
32,"PCA-LDA",25,0,NA,NA,1,2,3
33,"CCA-LDA",32,2,NA,NA,1,2,3
33,"PCA-LDA",29,0,NA,NA,1,2,3
34,"CCA-LDA",21,1,NA,NA,1,2,3
34,"PCA-LDA",34,1,NA,NA,1,2,3
35,"CCA-LDA",33,0,NA,NA,1,2,3
35,"PCA-LDA",39,0,NA,NA,1,2,3
36,"CCA-LDA",29,0,NA,NA,1,2,3
36,"PCA-LDA",33,1,NA,NA,1,2,3
37,"CCA-LDA",30,0,NA,NA,1,2,3
37,"PCA-LDA",31,0,NA,NA,1,2,3
38,"CCA-LDA",38,0,NA,NA,1,2,3
38,"PCA-LDA",25,0,NA,NA,1,2,3
39,"CCA-LDA",17,0,NA,NA,1,2,3
39,"PCA-LDA",37,0,NA,NA,1,2,3
4,"CCA-LDA",38,0,NA,NA,1,2,3
4,"PCA-LDA",33,0,NA,NA,1,2,3
40,"CCA-LDA",33,0,NA,NA,1,2,3
40,"PCA-LDA",36,0,NA,NA,1,2,3
41,"CCA-LDA",34,0,NA,NA,1,2,3
41,"PCA-LDA",33,1,NA,NA,1,2,3
42,"CCA-LDA",20,0,NA,NA,1,2,3
42,"PCA-LDA",27,0,NA,NA,1,2,3
43,"CCA-LDA",21,0,NA,NA,1,2,3
43,"PCA-LDA",37,0,NA,NA,1,2,3
44,"CCA-LDA",38,0,NA,NA,1,2,3
44,"PCA-LDA",28,0,NA,NA,1,2,3
45,"CCA-LDA",15,0,NA,NA,1,2,3
45,"PCA-LDA",23,0,NA,NA,1,2,3
46,"CCA-LDA",14,0,NA,NA,1,2,3
46,"PCA-LDA",35,2,NA,NA,1,2,3
47,"CCA-LDA",36,0,NA,NA,1,2,3
47,"PCA-LDA",28,0,NA,NA,1,2,3
48,"CCA-LDA",18,0,NA,NA,1,2,3
48,"PCA-LDA",28,0,NA,NA,1,2,3
49,"CCA-LDA",23,1,NA,NA,1,2,3
49,"PCA-LDA",39,0,NA,NA,1,2,3
5,"CCA-LDA",35,1,NA,NA,1,2,3
5,"PCA-LDA",38,0,NA,NA,1,2,3
50,"CCA-LDA",16,1,NA,NA,1,2,3
50,"PCA-LDA",26,0,NA,NA,1,2,3
51,"CCA-LDA",33,0,NA,NA,1,2,3
51,"PCA-LDA",35,0,NA,NA,1,2,3
52,"CCA-LDA",15,3,NA,NA,1,2,3
52,"PCA-LDA",36,0,NA,NA,1,2,3
53,"CCA-LDA",31,1,NA,NA,1,2,3
53,"PCA-LDA",32,0,NA,NA,1,2,3
54,"CCA-LDA",28,0,NA,NA,1,2,3
54,"PCA-LDA",37,0,NA,NA,1,2,3
55,"CCA-LDA",12,1,NA,NA,1,2,3
55,"PCA-LDA",31,0,NA,NA,1,2,3
56,"CCA-LDA",21,0,NA,NA,1,2,3
56,"PCA-LDA",33,0,NA,NA,1,2,3
57,"CCA-LDA",29,0,NA,NA,1,2,3
57,"PCA-LDA",29,0,NA,NA,1,2,3
58,"CCA-LDA",26,0,NA,NA,1,2,3
58,"PCA-LDA",31,1,NA,NA,1,2,3
59,"CCA-LDA",30,0,NA,NA,1,2,3
59,"PCA-LDA",28,0,NA,NA,1,2,3
6,"CCA-LDA",20,2,NA,NA,1,2,3
6,"PCA-LDA",39,0,NA,NA,1,2,3
60,"CCA-LDA",37,0,NA,NA,1,2,3
60,"PCA-LDA",38,0,NA,NA,1,2,3
61,"CCA-LDA",34,1,NA,NA,1,2,3
61,"PCA-LDA",29,0,NA,NA,1,2,3
62,"CCA-LDA",38,0,NA,NA,1,2,3
62,"PCA-LDA",36,0,NA,NA,1,2,3
63,"CCA-LDA",14,0,NA,NA,1,2,3
63,"PCA-LDA",34,0,NA,NA,1,2,3
64,"CCA-LDA",19,0,NA,NA,1,2,3
64,"PCA-LDA",36,0,NA,NA,1,2,3
65,"CCA-LDA",18,0,NA,NA,1,2,3
65,"PCA-LDA",25,0,NA,NA,1,2,3
66,"CCA-LDA",16,1,NA,NA,1,2,3
66,"PCA-LDA",31,0,NA,NA,1,2,3
67,"CCA-LDA",15,2,NA,NA,1,2,3
67,"PCA-LDA",32,0,NA,NA,1,2,3
68,"CCA-LDA",36,0,NA,NA,1,2,3
68,"PCA-LDA",31,0,NA,NA,1,2,3
69,"CCA-LDA",27,0,NA,NA,1,2,3
69,"PCA-LDA",31,0,NA,NA,1,2,3
7,"CCA-LDA",20,1,NA,NA,1,2,3
7,"PCA-LDA",36,1,NA,NA,1,2,3
70,"CCA-LDA",13,1,NA,NA,1,2,3
70,"PCA-LDA",32,0,NA,NA,1,2,3
71,"CCA-LDA",16,0,NA,NA,1,2,3
71,"PCA-LDA",31,0,NA,NA,1,2,3
72,"CCA-LDA",36,0,NA,NA,1,2,3
72,"PCA-LDA",31,0,NA,NA,1,2,3
73,"CCA-LDA",29,0,NA,NA,1,2,3
73,"PCA-LDA",33,0,NA,NA,1,2,3
74,"CCA-LDA",32,1,NA,NA,1,2,3
74,"PCA-LDA",31,1,NA,NA,1,2,3
75,"CCA-LDA",36,0,NA,NA,1,2,3
75,"PCA-LDA",29,0,NA,NA,1,2,3
76,"CCA-LDA",29,0,NA,NA,1,2,3
76,"PCA-LDA",24,0,NA,NA,1,2,3
77,"CCA-LDA",19,1,NA,NA,1,2,3
77,"PCA-LDA",35,0,NA,NA,1,2,3
78,"CCA-LDA",32,0,NA,NA,1,2,3
78,"PCA-LDA",34,0,NA,NA,1,2,3
79,"CCA-LDA",27,0,NA,NA,1,2,3
79,"PCA-LDA",35,0,NA,NA,1,2,3
8,"CCA-LDA",18,1,NA,NA,1,2,3
8,"PCA-LDA",35,0,NA,NA,1,2,3
80,"CCA-LDA",18,0,NA,NA,1,2,3
80,"PCA-LDA",35,0,NA,NA,1,2,3
81,"CCA-LDA",13,1,NA,NA,1,2,3
81,"PCA-LDA",34,0,NA,NA,1,2,3
82,"CCA-LDA",19,0,NA,NA,1,2,3
82,"PCA-LDA",36,0,NA,NA,1,2,3
83,"CCA-LDA",15,0,NA,NA,1,2,3
83,"PCA-LDA",35,0,NA,NA,1,2,3
84,"CCA-LDA",32,0,NA,NA,1,2,3
84,"PCA-LDA",37,0,NA,NA,1,2,3
85,"CCA-LDA",32,1,NA,NA,1,2,3
85,"PCA-LDA",35,0,NA,NA,1,2,3
86,"CCA-LDA",29,0,NA,NA,1,2,3
86,"PCA-LDA",31,0,NA,NA,1,2,3
87,"CCA-LDA",36,0,NA,NA,1,2,3
87,"PCA-LDA",29,1,NA,NA,1,2,3
88,"CCA-LDA",27,1,NA,NA,1,2,3
88,"PCA-LDA",29,0,NA,NA,1,2,3
89,"CCA-LDA",25,0,NA,NA,1,2,3
89,"PCA-LDA",30,0,NA,NA,1,2,3
9,"CCA-LDA",15,0,NA,NA,1,2,3
9,"PCA-LDA",28,0,NA,NA,1,2,3
90,"CCA-LDA",16,1,NA,NA,1,2,3
90,"PCA-LDA",35,0,NA,NA,1,2,3
91,"CCA-LDA",33,0,NA,NA,1,2,3
91,"PCA-LDA",35,0,NA,NA,1,2,3
92,"CCA-LDA",36,0,NA,NA,1,2,3
92,"PCA-LDA",39,0,NA,NA,1,2,3
93,"CCA-LDA",15,0,NA,NA,1,2,3
93,"PCA-LDA",26,1,NA,NA,1,2,3
94,"CCA-LDA",31,0,NA,NA,1,2,3
94,"PCA-LDA",30,0,NA,NA,1,2,3
95,"CCA-LDA",20,0,NA,NA,1,2,3
95,"PCA-LDA",24,0,NA,NA,1,2,3
96,"CCA-LDA",32,0,NA,NA,1,2,3
96,"PCA-LDA",24,0,NA,NA,1,2,3
97,"CCA-LDA",33,0,NA,NA,1,2,3
97,"PCA-LDA",27,0,NA,NA,1,2,3
98,"CCA-LDA",33,0,NA,NA,1,2,3
98,"PCA-LDA",31,0,NA,NA,1,2,3
99,"CCA-LDA",31,0,NA,NA,1,2,3
99,"PCA-LDA",34,1,NA,NA,1,2,3
1,"CCA-LDA",NA,3,6,25,2,1,0
1,"PCA-LDA",NA,7,14,24,2,1,0
2,"CCA-LDA",NA,5,10,31,2,1,0
2,"PCA-LDA",NA,8,16,21,2,1,0
3,"CCA-LDA",NA,9,11,32,2,1,0
3,"PCA-LDA",NA,10,18,23,2,1,0
4,"CCA-LDA",NA,8,12,28,2,1,0
4,"PCA-LDA",NA,8,19,22,2,1,0
5,"CCA-LDA",NA,9,13,26,2,1,0
5,"PCA-LDA",NA,10,17,22,2,1,0
6,"CCA-LDA",NA,9,13,33,2,1,0
6,"PCA-LDA",NA,8,12,17,2,1,0
7,"CCA-LDA",NA,11,14,31,2,1,0
7,"PCA-LDA",NA,13,16,22,2,1,0
8,"CCA-LDA",NA,6,11,28,2,1,0
8,"PCA-LDA",NA,12,18,24,2,1,0
9,"CCA-LDA",NA,7,9,30,2,1,0
9,"PCA-LDA",NA,3,15,22,2,1,0
10,"CCA-LDA",NA,8,17,29,2,1,0
10,"PCA-LDA",NA,7,17,20,2,1,0
11,"CCA-LDA",NA,7,10,27,2,1,0
11,"PCA-LDA",NA,9,18,24,2,1,0
12,"CCA-LDA",NA,7,9,26,2,1,0
12,"PCA-LDA",NA,9,14,24,2,1,0
13,"CCA-LDA",NA,9,13,27,2,1,0
13,"PCA-LDA",NA,8,15,21,2,1,0
14,"CCA-LDA",NA,4,13,26,2,1,0
14,"PCA-LDA",NA,5,11,17,2,1,0
15,"CCA-LDA",NA,8,14,27,2,1,0
15,"PCA-LDA",NA,10,16,22,2,1,0
16,"CCA-LDA",NA,13,14,32,2,1,0
16,"PCA-LDA",NA,3,13,17,2,1,0
17,"CCA-LDA",NA,5,9,29,2,1,0
17,"PCA-LDA",NA,8,14,19,2,1,0
18,"CCA-LDA",NA,6,11,27,2,1,0
18,"PCA-LDA",NA,7,15,18,2,1,0
19,"CCA-LDA",NA,7,15,28,2,1,0
19,"PCA-LDA",NA,5,13,19,2,1,0
20,"CCA-LDA",NA,7,13,25,2,1,0
20,"PCA-LDA",NA,7,12,17,2,1,0
21,"CCA-LDA",NA,6,9,25,2,1,0
21,"PCA-LDA",NA,7,15,20,2,1,0
22,"CCA-LDA",NA,11,12,27,2,1,0
22,"PCA-LDA",NA,9,17,23,2,1,0
23,"CCA-LDA",NA,6,11,27,2,1,0
23,"PCA-LDA",NA,8,17,22,2,1,0
24,"CCA-LDA",NA,9,13,28,2,1,0
24,"PCA-LDA",NA,7,17,26,2,1,0
25,"CCA-LDA",NA,12,12,29,2,1,0
25,"PCA-LDA",NA,8,20,22,2,1,0
26,"CCA-LDA",NA,8,12,27,2,1,0
26,"PCA-LDA",NA,6,7,17,2,1,0
27,"CCA-LDA",NA,9,11,30,2,1,0
27,"PCA-LDA",NA,10,15,21,2,1,0
28,"CCA-LDA",NA,4,14,31,2,1,0
28,"PCA-LDA",NA,6,17,21,2,1,0
29,"CCA-LDA",NA,9,8,26,2,1,0
29,"PCA-LDA",NA,9,16,25,2,1,0
30,"CCA-LDA",NA,6,10,25,2,1,0
30,"PCA-LDA",NA,6,14,21,2,1,0
31,"CCA-LDA",NA,12,14,30,2,1,0
31,"PCA-LDA",NA,11,14,19,2,1,0
32,"CCA-LDA",NA,4,5,23,2,1,0
32,"PCA-LDA",NA,6,9,22,2,1,0
33,"CCA-LDA",NA,7,8,22,2,1,0
33,"PCA-LDA",NA,6,15,18,2,1,0
34,"CCA-LDA",NA,8,14,28,2,1,0
34,"PCA-LDA",NA,7,18,23,2,1,0
35,"CCA-LDA",NA,11,8,34,2,1,0
35,"PCA-LDA",NA,9,12,21,2,1,0
36,"CCA-LDA",NA,7,8,27,2,1,0
36,"PCA-LDA",NA,8,13,21,2,1,0
37,"CCA-LDA",NA,6,11,30,2,1,0
37,"PCA-LDA",NA,6,13,15,2,1,0
38,"CCA-LDA",NA,9,13,32,2,1,0
38,"PCA-LDA",NA,6,16,21,2,1,0
39,"CCA-LDA",NA,8,9,28,2,1,0
39,"PCA-LDA",NA,7,15,18,2,1,0
40,"CCA-LDA",NA,11,13,28,2,1,0
40,"PCA-LDA",NA,9,15,22,2,1,0
41,"CCA-LDA",NA,4,13,25,2,1,0
41,"PCA-LDA",NA,4,11,19,2,1,0
42,"CCA-LDA",NA,8,9,30,2,1,0
42,"PCA-LDA",NA,4,4,11,2,1,0
43,"CCA-LDA",NA,7,13,30,2,1,0
43,"PCA-LDA",NA,10,13,23,2,1,0
44,"CCA-LDA",NA,5,12,28,2,1,0
44,"PCA-LDA",NA,10,15,21,2,1,0
45,"CCA-LDA",NA,8,9,26,2,1,0
45,"PCA-LDA",NA,10,18,20,2,1,0
46,"CCA-LDA",NA,2,12,27,2,1,0
46,"PCA-LDA",NA,7,12,18,2,1,0
47,"CCA-LDA",NA,4,14,26,2,1,0
47,"PCA-LDA",NA,6,13,22,2,1,0
48,"CCA-LDA",NA,11,14,28,2,1,0
48,"PCA-LDA",NA,7,14,20,2,1,0
49,"CCA-LDA",NA,12,7,28,2,1,0
49,"PCA-LDA",NA,2,11,12,2,1,0
50,"CCA-LDA",NA,13,16,35,2,1,0
50,"PCA-LDA",NA,9,18,21,2,1,0
51,"CCA-LDA",NA,6,8,26,2,1,0
51,"PCA-LDA",NA,9,17,22,2,1,0
52,"CCA-LDA",NA,5,9,27,2,1,0
52,"PCA-LDA",NA,9,16,24,2,1,0
53,"CCA-LDA",NA,9,10,27,2,1,0
53,"PCA-LDA",NA,3,13,20,2,1,0
54,"CCA-LDA",NA,9,10,30,2,1,0
54,"PCA-LDA",NA,9,14,21,2,1,0
55,"CCA-LDA",NA,9,5,29,2,1,0
55,"PCA-LDA",NA,7,16,22,2,1,0
56,"CCA-LDA",NA,3,13,31,2,1,0
56,"PCA-LDA",NA,7,17,21,2,1,0
57,"CCA-LDA",NA,10,14,26,2,1,0
57,"PCA-LDA",NA,6,13,18,2,1,0
58,"CCA-LDA",NA,12,12,35,2,1,0
58,"PCA-LDA",NA,9,11,19,2,1,0
59,"CCA-LDA",NA,11,13,31,2,1,0
59,"PCA-LDA",NA,10,14,22,2,1,0
60,"CCA-LDA",NA,12,19,31,2,1,0
60,"PCA-LDA",NA,7,20,25,2,1,0
61,"CCA-LDA",NA,6,12,28,2,1,0
61,"PCA-LDA",NA,6,15,22,2,1,0
62,"CCA-LDA",NA,5,9,32,2,1,0
62,"PCA-LDA",NA,5,8,17,2,1,0
63,"CCA-LDA",NA,8,12,29,2,1,0
63,"PCA-LDA",NA,9,14,22,2,1,0
64,"CCA-LDA",NA,10,12,29,2,1,0
64,"PCA-LDA",NA,7,12,19,2,1,0
65,"CCA-LDA",NA,13,16,30,2,1,0
65,"PCA-LDA",NA,14,16,23,2,1,0
66,"CCA-LDA",NA,4,12,25,2,1,0
66,"PCA-LDA",NA,6,17,20,2,1,0
67,"CCA-LDA",NA,9,16,30,2,1,0
67,"PCA-LDA",NA,12,11,24,2,1,0
68,"CCA-LDA",NA,6,10,24,2,1,0
68,"PCA-LDA",NA,10,14,22,2,1,0
69,"CCA-LDA",NA,14,19,33,2,1,0
69,"PCA-LDA",NA,9,15,21,2,1,0
70,"CCA-LDA",NA,7,8,25,2,1,0
70,"PCA-LDA",NA,8,17,21,2,1,0
71,"CCA-LDA",NA,11,14,29,2,1,0
71,"PCA-LDA",NA,7,11,17,2,1,0
72,"CCA-LDA",NA,7,9,31,2,1,0
72,"PCA-LDA",NA,6,16,24,2,1,0
73,"CCA-LDA",NA,9,12,29,2,1,0
73,"PCA-LDA",NA,6,15,23,2,1,0
74,"CCA-LDA",NA,13,9,25,2,1,0
74,"PCA-LDA",NA,9,15,23,2,1,0
75,"CCA-LDA",NA,8,9,27,2,1,0
75,"PCA-LDA",NA,9,15,22,2,1,0
76,"CCA-LDA",NA,9,10,25,2,1,0
76,"PCA-LDA",NA,8,14,19,2,1,0
77,"CCA-LDA",NA,6,7,31,2,1,0
77,"PCA-LDA",NA,7,17,24,2,1,0
78,"CCA-LDA",NA,8,15,28,2,1,0
78,"PCA-LDA",NA,7,13,21,2,1,0
79,"CCA-LDA",NA,10,14,29,2,1,0
79,"PCA-LDA",NA,4,12,21,2,1,0
80,"CCA-LDA",NA,11,13,29,2,1,0
80,"PCA-LDA",NA,4,12,22,2,1,0
81,"CCA-LDA",NA,8,11,27,2,1,0
81,"PCA-LDA",NA,9,16,23,2,1,0
82,"CCA-LDA",NA,10,17,32,2,1,0
82,"PCA-LDA",NA,11,17,23,2,1,0
83,"CCA-LDA",NA,7,16,28,2,1,0
83,"PCA-LDA",NA,6,15,18,2,1,0
84,"CCA-LDA",NA,8,15,25,2,1,0
84,"PCA-LDA",NA,9,19,23,2,1,0
85,"CCA-LDA",NA,7,12,25,2,1,0
85,"PCA-LDA",NA,5,15,21,2,1,0
86,"CCA-LDA",NA,6,12,26,2,1,0
86,"PCA-LDA",NA,9,16,24,2,1,0
87,"CCA-LDA",NA,1,8,21,2,1,0
87,"PCA-LDA",NA,4,5,18,2,1,0
88,"CCA-LDA",NA,8,14,30,2,1,0
88,"PCA-LDA",NA,9,17,21,2,1,0
89,"CCA-LDA",NA,8,15,32,2,1,0
89,"PCA-LDA",NA,12,16,22,2,1,0
90,"CCA-LDA",NA,9,11,32,2,1,0
90,"PCA-LDA",NA,14,18,24,2,1,0
91,"CCA-LDA",NA,8,17,28,2,1,0
91,"PCA-LDA",NA,10,20,27,2,1,0
92,"CCA-LDA",NA,7,9,23,2,1,0
92,"PCA-LDA",NA,13,18,20,2,1,0
93,"CCA-LDA",NA,12,12,27,2,1,0
93,"PCA-LDA",NA,8,10,19,2,1,0
94,"CCA-LDA",NA,8,13,29,2,1,0
94,"PCA-LDA",NA,7,15,21,2,1,0
95,"CCA-LDA",NA,11,13,29,2,1,0
95,"PCA-LDA",NA,5,13,17,2,1,0
96,"CCA-LDA",NA,10,10,27,2,1,0
96,"PCA-LDA",NA,11,18,24,2,1,0
97,"CCA-LDA",NA,4,10,33,2,1,0
97,"PCA-LDA",NA,6,17,21,2,1,0
98,"CCA-LDA",NA,10,14,27,2,1,0
98,"PCA-LDA",NA,9,16,24,2,1,0
99,"CCA-LDA",NA,3,9,23,2,1,0
99,"PCA-LDA",NA,9,9,13,2,1,0
100,"CCA-LDA",NA,6,14,30,2,1,0
100,"PCA-LDA",NA,11,16,18,2,1,0
101,"CCA-LDA",NA,8,13,29,2,1,0
101,"PCA-LDA",NA,11,12,23,2,1,0
102,"CCA-LDA",NA,4,11,27,2,1,0
102,"PCA-LDA",NA,8,19,24,2,1,0
103,"CCA-LDA",NA,8,11,28,2,1,0
103,"PCA-LDA",NA,8,17,22,2,1,0
104,"CCA-LDA",NA,10,16,31,2,1,0
104,"PCA-LDA",NA,9,16,20,2,1,0
105,"CCA-LDA",NA,7,13,30,2,1,0
105,"PCA-LDA",NA,7,16,21,2,1,0
106,"CCA-LDA",NA,7,13,34,2,1,0
106,"PCA-LDA",NA,9,18,20,2,1,0
107,"CCA-LDA",NA,12,7,29,2,1,0
107,"PCA-LDA",NA,11,19,25,2,1,0
108,"CCA-LDA",NA,9,13,32,2,1,0
108,"PCA-LDA",NA,8,16,21,2,1,0
109,"CCA-LDA",NA,5,10,23,2,1,0
109,"PCA-LDA",NA,10,18,22,2,1,0
110,"CCA-LDA",NA,9,16,29,2,1,0
110,"PCA-LDA",NA,7,15,22,2,1,0
111,"CCA-LDA",NA,5,11,26,2,1,0
111,"PCA-LDA",NA,5,19,23,2,1,0
112,"CCA-LDA",NA,6,8,25,2,1,0
112,"PCA-LDA",NA,7,15,17,2,1,0
113,"CCA-LDA",NA,11,11,27,2,1,0
113,"PCA-LDA",NA,12,14,20,2,1,0
114,"CCA-LDA",NA,9,14,29,2,1,0
114,"PCA-LDA",NA,5,12,14,2,1,0
115,"CCA-LDA",NA,4,10,24,2,1,0
115,"PCA-LDA",NA,8,21,24,2,1,0
116,"CCA-LDA",NA,8,11,28,2,1,0
116,"PCA-LDA",NA,7,16,19,2,1,0
117,"CCA-LDA",NA,4,7,20,2,1,0
117,"PCA-LDA",NA,8,15,18,2,1,0
118,"CCA-LDA",NA,7,10,27,2,1,0
118,"PCA-LDA",NA,5,16,23,2,1,0
119,"CCA-LDA",NA,9,11,30,2,1,0
119,"PCA-LDA",NA,12,15,24,2,1,0
120,"CCA-LDA",NA,8,11,23,2,1,0
120,"PCA-LDA",NA,8,13,19,2,1,0
121,"CCA-LDA",NA,7,11,29,2,1,0
121,"PCA-LDA",NA,13,19,24,2,1,0
122,"CCA-LDA",NA,8,7,28,2,1,0
122,"PCA-LDA",NA,3,8,15,2,1,0
123,"CCA-LDA",NA,8,11,31,2,1,0
123,"PCA-LDA",NA,11,20,24,2,1,0
124,"CCA-LDA",NA,6,14,32,2,1,0
124,"PCA-LDA",NA,8,13,21,2,1,0
125,"CCA-LDA",NA,5,10,23,2,1,0
125,"PCA-LDA",NA,8,11,17,2,1,0
126,"CCA-LDA",NA,11,15,27,2,1,0
126,"PCA-LDA",NA,9,12,22,2,1,0
127,"CCA-LDA",NA,9,14,33,2,1,0
127,"PCA-LDA",NA,3,14,23,2,1,0
128,"CCA-LDA",NA,10,13,28,2,1,0
128,"PCA-LDA",NA,8,16,24,2,1,0
129,"CCA-LDA",NA,8,15,26,2,1,0
129,"PCA-LDA",NA,10,13,19,2,1,0
130,"CCA-LDA",NA,7,16,28,2,1,0
130,"PCA-LDA",NA,9,12,14,2,1,0
131,"CCA-LDA",NA,12,15,31,2,1,0
131,"PCA-LDA",NA,7,15,23,2,1,0
132,"CCA-LDA",NA,4,13,33,2,1,0
132,"PCA-LDA",NA,7,15,19,2,1,0
133,"CCA-LDA",NA,13,11,29,2,1,0
133,"PCA-LDA",NA,8,13,18,2,1,0
134,"CCA-LDA",NA,6,9,31,2,1,0
134,"PCA-LDA",NA,9,20,24,2,1,0
135,"CCA-LDA",NA,11,9,28,2,1,0
135,"PCA-LDA",NA,10,16,21,2,1,0
136,"CCA-LDA",NA,5,12,30,2,1,0
136,"PCA-LDA",NA,9,18,22,2,1,0
137,"CCA-LDA",NA,12,9,29,2,1,0
137,"PCA-LDA",NA,6,8,17,2,1,0
138,"CCA-LDA",NA,4,9,28,2,1,0
138,"PCA-LDA",NA,7,14,21,2,1,0
139,"CCA-LDA",NA,10,20,34,2,1,0
139,"PCA-LDA",NA,9,12,21,2,1,0
140,"CCA-LDA",NA,5,12,24,2,1,0
140,"PCA-LDA",NA,12,15,16,2,1,0
141,"CCA-LDA",NA,13,16,31,2,1,0
141,"PCA-LDA",NA,8,16,21,2,1,0
142,"CCA-LDA",NA,7,12,30,2,1,0
142,"PCA-LDA",NA,11,18,23,2,1,0
143,"CCA-LDA",NA,5,14,27,2,1,0
143,"PCA-LDA",NA,11,16,21,2,1,0
144,"CCA-LDA",NA,5,9,22,2,1,0
144,"PCA-LDA",NA,4,7,14,2,1,0
145,"CCA-LDA",NA,10,12,24,2,1,0
145,"PCA-LDA",NA,4,15,23,2,1,0
146,"CCA-LDA",NA,6,8,24,2,1,0
146,"PCA-LDA",NA,6,12,20,2,1,0
147,"CCA-LDA",NA,9,10,28,2,1,0
147,"PCA-LDA",NA,10,16,22,2,1,0
148,"CCA-LDA",NA,6,9,33,2,1,0
148,"PCA-LDA",NA,6,13,22,2,1,0
149,"CCA-LDA",NA,11,12,29,2,1,0
149,"PCA-LDA",NA,4,21,23,2,1,0
150,"CCA-LDA",NA,7,13,29,2,1,0
150,"PCA-LDA",NA,5,12,23,2,1,0
151,"CCA-LDA",NA,6,14,27,2,1,0
151,"PCA-LDA",NA,8,18,22,2,1,0
152,"CCA-LDA",NA,12,14,36,2,1,0
152,"PCA-LDA",NA,9,13,23,2,1,0
153,"CCA-LDA",NA,7,12,29,2,1,0
153,"PCA-LDA",NA,6,13,20,2,1,0
154,"CCA-LDA",NA,7,14,27,2,1,0
154,"PCA-LDA",NA,9,16,22,2,1,0
155,"CCA-LDA",NA,11,10,27,2,1,0
155,"PCA-LDA",NA,8,13,21,2,1,0
156,"CCA-LDA",NA,6,8,29,2,1,0
156,"PCA-LDA",NA,10,14,19,2,1,0
157,"CCA-LDA",NA,4,9,27,2,1,0
157,"PCA-LDA",NA,4,13,19,2,1,0
158,"CCA-LDA",NA,11,12,27,2,1,0
158,"PCA-LDA",NA,6,11,17,2,1,0
159,"CCA-LDA",NA,10,10,30,2,1,0
159,"PCA-LDA",NA,8,14,19,2,1,0
160,"CCA-LDA",NA,10,17,33,2,1,0
160,"PCA-LDA",NA,8,16,20,2,1,0
161,"CCA-LDA",NA,5,11,25,2,1,0
161,"PCA-LDA",NA,10,15,21,2,1,0
162,"CCA-LDA",NA,11,15,28,2,1,0
162,"PCA-LDA",NA,11,16,23,2,1,0
163,"CCA-LDA",NA,7,15,29,2,1,0
163,"PCA-LDA",NA,9,15,21,2,1,0
164,"CCA-LDA",NA,8,13,29,2,1,0
164,"PCA-LDA",NA,8,16,22,2,1,0
165,"CCA-LDA",NA,9,14,27,2,1,0
165,"PCA-LDA",NA,6,11,14,2,1,0
166,"CCA-LDA",NA,8,11,31,2,1,0
166,"PCA-LDA",NA,8,16,22,2,1,0
167,"CCA-LDA",NA,5,5,23,2,1,0
167,"PCA-LDA",NA,10,15,23,2,1,0
168,"CCA-LDA",NA,10,14,30,2,1,0
168,"PCA-LDA",NA,10,14,19,2,1,0
169,"CCA-LDA",NA,16,17,29,2,1,0
169,"PCA-LDA",NA,10,12,24,2,1,0
170,"CCA-LDA",NA,15,20,30,2,1,0
170,"PCA-LDA",NA,9,15,18,2,1,0
171,"CCA-LDA",NA,11,10,26,2,1,0
171,"PCA-LDA",NA,10,14,22,2,1,0
172,"CCA-LDA",NA,14,11,26,2,1,0
172,"PCA-LDA",NA,11,12,23,2,1,0
173,"CCA-LDA",NA,8,11,27,2,1,0
173,"PCA-LDA",NA,8,12,20,2,1,0
174,"CCA-LDA",NA,7,11,23,2,1,0
174,"PCA-LDA",NA,7,12,20,2,1,0
175,"CCA-LDA",NA,10,11,25,2,1,0
175,"PCA-LDA",NA,8,19,26,2,1,0
176,"CCA-LDA",NA,9,17,30,2,1,0
176,"PCA-LDA",NA,5,13,18,2,1,0
177,"CCA-LDA",NA,13,15,30,2,1,0
177,"PCA-LDA",NA,5,11,20,2,1,0
178,"CCA-LDA",NA,8,13,28,2,1,0
178,"PCA-LDA",NA,5,13,22,2,1,0
179,"CCA-LDA",NA,10,14,28,2,1,0
179,"PCA-LDA",NA,7,13,19,2,1,0
180,"CCA-LDA",NA,9,16,31,2,1,0
180,"PCA-LDA",NA,9,14,24,2,1,0
181,"CCA-LDA",NA,8,14,31,2,1,0
181,"PCA-LDA",NA,6,15,19,2,1,0
182,"CCA-LDA",NA,8,14,32,2,1,0
182,"PCA-LDA",NA,11,17,22,2,1,0
183,"CCA-LDA",NA,5,14,27,2,1,0
183,"PCA-LDA",NA,10,14,22,2,1,0
184,"CCA-LDA",NA,11,15,28,2,1,0
184,"PCA-LDA",NA,7,13,18,2,1,0
185,"CCA-LDA",NA,2,7,25,2,1,0
185,"PCA-LDA",NA,6,10,25,2,1,0
186,"CCA-LDA",NA,4,6,24,2,1,0
186,"PCA-LDA",NA,12,19,23,2,1,0
187,"CCA-LDA",NA,8,8,24,2,1,0
187,"PCA-LDA",NA,3,10,19,2,1,0
188,"CCA-LDA",NA,7,9,29,2,1,0
188,"PCA-LDA",NA,5,10,11,2,1,0
189,"CCA-LDA",NA,19,10,31,2,1,0
189,"PCA-LDA",NA,7,18,25,2,1,0
190,"CCA-LDA",NA,8,11,29,2,1,0
190,"PCA-LDA",NA,7,16,19,2,1,0
191,"CCA-LDA",NA,9,10,29,2,1,0
191,"PCA-LDA",NA,9,17,24,2,1,0
192,"CCA-LDA",NA,5,14,30,2,1,0
192,"PCA-LDA",NA,3,15,22,2,1,0
193,"CCA-LDA",NA,6,12,34,2,1,0
193,"PCA-LDA",NA,9,17,22,2,1,0
194,"CCA-LDA",NA,10,13,29,2,1,0
194,"PCA-LDA",NA,9,19,25,2,1,0
195,"CCA-LDA",NA,8,12,27,2,1,0
195,"PCA-LDA",NA,9,17,23,2,1,0
196,"CCA-LDA",NA,12,15,31,2,1,0
196,"PCA-LDA",NA,11,18,23,2,1,0
197,"CCA-LDA",NA,10,12,29,2,1,0
197,"PCA-LDA",NA,11,14,22,2,1,0
198,"CCA-LDA",NA,8,12,30,2,1,0
198,"PCA-LDA",NA,11,20,24,2,1,0
199,"CCA-LDA",NA,13,11,27,2,1,0
199,"PCA-LDA",NA,8,15,19,2,1,0
200,"CCA-LDA",NA,8,6,28,2,1,0
200,"PCA-LDA",NA,8,12,16,2,1,0
1,"CCA-LDA",NA,5,12,13,2,2,1
1,"PCA-LDA",NA,9,14,24,2,2,1
2,"CCA-LDA",NA,6,12,16,2,2,1
2,"PCA-LDA",NA,7,17,21,2,2,1
3,"CCA-LDA",NA,2,11,18,2,2,1
3,"PCA-LDA",NA,11,18,23,2,2,1
4,"CCA-LDA",NA,3,13,15,2,2,1
4,"PCA-LDA",NA,10,20,20,2,2,1
5,"CCA-LDA",NA,2,12,14,2,2,1
5,"PCA-LDA",NA,11,15,21,2,2,1
6,"CCA-LDA",NA,5,10,15,2,2,1
6,"PCA-LDA",NA,3,15,17,2,2,1
7,"CCA-LDA",NA,4,12,15,2,2,1
7,"PCA-LDA",NA,15,18,21,2,2,1
8,"CCA-LDA",NA,4,13,15,2,2,1
8,"PCA-LDA",NA,11,19,22,2,2,1
9,"CCA-LDA",NA,2,11,14,2,2,1
9,"PCA-LDA",NA,5,15,22,2,2,1
10,"CCA-LDA",NA,7,14,16,2,2,1
10,"PCA-LDA",NA,1,16,18,2,2,1
11,"CCA-LDA",NA,5,11,14,2,2,1
11,"PCA-LDA",NA,13,18,22,2,2,1
12,"CCA-LDA",NA,4,10,13,2,2,1
12,"PCA-LDA",NA,10,15,24,2,2,1
13,"CCA-LDA",NA,2,6,12,2,2,1
13,"PCA-LDA",NA,5,15,21,2,2,1
14,"CCA-LDA",NA,2,7,12,2,2,1
14,"PCA-LDA",NA,7,12,15,2,2,1
15,"CCA-LDA",NA,6,14,19,2,2,1
15,"PCA-LDA",NA,11,17,22,2,2,1
16,"CCA-LDA",NA,2,8,12,2,2,1
16,"PCA-LDA",NA,4,13,15,2,2,1
17,"CCA-LDA",NA,4,10,12,2,2,1
17,"PCA-LDA",NA,4,14,19,2,2,1
18,"CCA-LDA",NA,4,8,13,2,2,1
18,"PCA-LDA",NA,6,15,17,2,2,1
19,"CCA-LDA",NA,4,6,12,2,2,1
19,"PCA-LDA",NA,5,13,22,2,2,1
20,"CCA-LDA",NA,4,13,15,2,2,1
20,"PCA-LDA",NA,7,12,17,2,2,1
21,"CCA-LDA",NA,6,10,12,2,2,1
21,"PCA-LDA",NA,5,16,19,2,2,1
22,"CCA-LDA",NA,6,9,14,2,2,1
22,"PCA-LDA",NA,11,17,21,2,2,1
23,"CCA-LDA",NA,6,12,18,2,2,1
23,"PCA-LDA",NA,7,20,20,2,2,1
24,"CCA-LDA",NA,7,12,17,2,2,1
24,"PCA-LDA",NA,8,17,26,2,2,1
25,"CCA-LDA",NA,3,14,18,2,2,1
25,"PCA-LDA",NA,8,21,23,2,2,1
26,"CCA-LDA",NA,1,12,13,2,2,1
26,"PCA-LDA",NA,6,8,17,2,2,1
27,"CCA-LDA",NA,6,9,13,2,2,1
27,"PCA-LDA",NA,7,15,20,2,2,1
28,"CCA-LDA",NA,4,12,19,2,2,1
28,"PCA-LDA",NA,5,17,21,2,2,1
29,"CCA-LDA",NA,3,11,16,2,2,1
29,"PCA-LDA",NA,9,15,24,2,2,1
30,"CCA-LDA",NA,5,14,14,2,2,1
30,"PCA-LDA",NA,6,13,21,2,2,1
31,"CCA-LDA",NA,5,10,17,2,2,1
31,"PCA-LDA",NA,13,14,19,2,2,1
32,"CCA-LDA",NA,2,13,16,2,2,1
32,"PCA-LDA",NA,5,11,22,2,2,1
33,"CCA-LDA",NA,4,5,13,2,2,1
33,"PCA-LDA",NA,10,16,18,2,2,1
34,"CCA-LDA",NA,3,13,15,2,2,1
34,"PCA-LDA",NA,4,17,20,2,2,1
35,"CCA-LDA",NA,6,8,14,2,2,1
35,"PCA-LDA",NA,4,13,20,2,2,1
36,"CCA-LDA",NA,3,9,12,2,2,1
36,"PCA-LDA",NA,8,12,21,2,2,1
37,"CCA-LDA",NA,2,10,11,2,2,1
37,"PCA-LDA",NA,5,14,15,2,2,1
38,"CCA-LDA",NA,1,11,15,2,2,1
38,"PCA-LDA",NA,7,16,20,2,2,1
39,"CCA-LDA",NA,2,12,15,2,2,1
39,"PCA-LDA",NA,7,16,16,2,2,1
40,"CCA-LDA",NA,4,16,18,2,2,1
40,"PCA-LDA",NA,8,20,22,2,2,1
41,"CCA-LDA",NA,4,9,12,2,2,1
41,"PCA-LDA",NA,4,11,18,2,2,1
42,"CCA-LDA",NA,6,12,13,2,2,1
42,"PCA-LDA",NA,4,4,10,2,2,1
43,"CCA-LDA",NA,5,10,13,2,2,1
43,"PCA-LDA",NA,6,13,22,2,2,1
44,"CCA-LDA",NA,4,12,15,2,2,1
44,"PCA-LDA",NA,7,16,21,2,2,1
45,"CCA-LDA",NA,6,6,13,2,2,1
45,"PCA-LDA",NA,6,18,20,2,2,1
46,"CCA-LDA",NA,3,8,13,2,2,1
46,"PCA-LDA",NA,9,13,17,2,2,1
47,"CCA-LDA",NA,3,14,15,2,2,1
47,"PCA-LDA",NA,5,13,22,2,2,1
48,"CCA-LDA",NA,2,12,13,2,2,1
48,"PCA-LDA",NA,12,16,19,2,2,1
49,"CCA-LDA",NA,4,11,18,2,2,1
49,"PCA-LDA",NA,4,11,12,2,2,1
50,"CCA-LDA",NA,2,13,17,2,2,1
50,"PCA-LDA",NA,8,18,21,2,2,1
51,"CCA-LDA",NA,5,15,23,2,2,1
51,"PCA-LDA",NA,8,19,22,2,2,1
52,"CCA-LDA",NA,4,12,15,2,2,1
52,"PCA-LDA",NA,10,16,23,2,2,1
53,"CCA-LDA",NA,5,13,20,2,2,1
53,"PCA-LDA",NA,5,13,19,2,2,1
54,"CCA-LDA",NA,7,15,16,2,2,1
54,"PCA-LDA",NA,9,14,20,2,2,1
55,"CCA-LDA",NA,1,11,12,2,2,1
55,"PCA-LDA",NA,7,16,21,2,2,1
56,"CCA-LDA",NA,3,12,16,2,2,1
56,"PCA-LDA",NA,8,18,19,2,2,1
57,"CCA-LDA",NA,3,11,14,2,2,1
57,"PCA-LDA",NA,5,13,17,2,2,1
58,"CCA-LDA",NA,4,8,13,2,2,1
58,"PCA-LDA",NA,9,13,18,2,2,1
59,"CCA-LDA",NA,5,14,15,2,2,1
59,"PCA-LDA",NA,8,17,22,2,2,1
60,"CCA-LDA",NA,4,10,12,2,2,1
60,"PCA-LDA",NA,4,20,23,2,2,1
61,"CCA-LDA",NA,6,12,14,2,2,1
61,"PCA-LDA",NA,6,14,21,2,2,1
62,"CCA-LDA",NA,5,8,12,2,2,1
62,"PCA-LDA",NA,6,9,15,2,2,1
63,"CCA-LDA",NA,2,13,14,2,2,1
63,"PCA-LDA",NA,6,19,21,2,2,1
64,"CCA-LDA",NA,4,12,12,2,2,1
64,"PCA-LDA",NA,8,12,18,2,2,1
65,"CCA-LDA",NA,4,13,16,2,2,1
65,"PCA-LDA",NA,12,17,23,2,2,1
66,"CCA-LDA",NA,4,13,16,2,2,1
66,"PCA-LDA",NA,5,17,20,2,2,1
67,"CCA-LDA",NA,5,12,14,2,2,1
67,"PCA-LDA",NA,12,20,23,2,2,1
68,"CCA-LDA",NA,8,19,26,2,2,1
68,"PCA-LDA",NA,7,15,20,2,2,1
69,"CCA-LDA",NA,7,12,15,2,2,1
69,"PCA-LDA",NA,6,15,21,2,2,1
70,"CCA-LDA",NA,1,12,13,2,2,1
70,"PCA-LDA",NA,8,18,18,2,2,1
71,"CCA-LDA",NA,5,12,14,2,2,1
71,"PCA-LDA",NA,6,14,16,2,2,1
72,"CCA-LDA",NA,6,13,18,2,2,1
72,"PCA-LDA",NA,4,13,25,2,2,1
73,"CCA-LDA",NA,2,11,12,2,2,1
73,"PCA-LDA",NA,5,14,23,2,2,1
74,"CCA-LDA",NA,4,13,16,2,2,1
74,"PCA-LDA",NA,11,14,23,2,2,1
75,"CCA-LDA",NA,5,12,13,2,2,1
75,"PCA-LDA",NA,6,16,22,2,2,1
76,"CCA-LDA",NA,2,9,14,2,2,1
76,"PCA-LDA",NA,6,15,18,2,2,1
77,"CCA-LDA",NA,3,11,16,2,2,1
77,"PCA-LDA",NA,10,17,23,2,2,1
78,"CCA-LDA",NA,7,13,16,2,2,1
78,"PCA-LDA",NA,8,14,21,2,2,1
79,"CCA-LDA",NA,5,11,13,2,2,1
79,"PCA-LDA",NA,5,12,21,2,2,1
80,"CCA-LDA",NA,2,8,14,2,2,1
80,"PCA-LDA",NA,3,12,22,2,2,1
81,"CCA-LDA",NA,2,12,17,2,2,1
81,"PCA-LDA",NA,9,14,21,2,2,1
82,"CCA-LDA",NA,4,12,12,2,2,1
82,"PCA-LDA",NA,13,18,22,2,2,1
83,"CCA-LDA",NA,2,12,13,2,2,1
83,"PCA-LDA",NA,5,15,15,2,2,1
84,"CCA-LDA",NA,2,9,14,2,2,1
84,"PCA-LDA",NA,7,20,23,2,2,1
85,"CCA-LDA",NA,3,6,13,2,2,1
85,"PCA-LDA",NA,9,14,21,2,2,1
86,"CCA-LDA",NA,2,9,12,2,2,1
86,"PCA-LDA",NA,10,17,22,2,2,1
87,"CCA-LDA",NA,5,13,16,2,2,1
87,"PCA-LDA",NA,5,5,16,2,2,1
88,"CCA-LDA",NA,3,11,11,2,2,1
88,"PCA-LDA",NA,6,17,20,2,2,1
89,"CCA-LDA",NA,2,11,15,2,2,1
89,"PCA-LDA",NA,8,18,19,2,2,1
90,"CCA-LDA",NA,2,11,22,2,2,1
90,"PCA-LDA",NA,10,18,24,2,2,1
91,"CCA-LDA",NA,3,12,15,2,2,1
91,"PCA-LDA",NA,10,20,27,2,2,1
92,"CCA-LDA",NA,2,13,14,2,2,1
92,"PCA-LDA",NA,9,19,20,2,2,1
93,"CCA-LDA",NA,4,12,14,2,2,1
93,"PCA-LDA",NA,9,10,19,2,2,1
94,"CCA-LDA",NA,5,10,12,2,2,1
94,"PCA-LDA",NA,6,16,24,2,2,1
95,"CCA-LDA",NA,6,9,17,2,2,1
95,"PCA-LDA",NA,6,15,17,2,2,1
96,"CCA-LDA",NA,4,8,12,2,2,1
96,"PCA-LDA",NA,12,18,20,2,2,1
97,"CCA-LDA",NA,4,12,16,2,2,1
97,"PCA-LDA",NA,4,18,21,2,2,1
98,"CCA-LDA",NA,4,10,13,2,2,1
98,"PCA-LDA",NA,13,16,23,2,2,1
99,"CCA-LDA",NA,4,12,20,2,2,1
99,"PCA-LDA",NA,5,10,11,2,2,1
100,"CCA-LDA",NA,5,11,17,2,2,1
100,"PCA-LDA",NA,11,17,18,2,2,1
101,"CCA-LDA",NA,4,12,14,2,2,1
101,"PCA-LDA",NA,10,9,19,2,2,1
102,"CCA-LDA",NA,3,12,17,2,2,1
102,"PCA-LDA",NA,4,19,20,2,2,1
103,"CCA-LDA",NA,5,15,16,2,2,1
103,"PCA-LDA",NA,5,14,19,2,2,1
104,"CCA-LDA",NA,3,10,13,2,2,1
104,"PCA-LDA",NA,6,15,20,2,2,1
105,"CCA-LDA",NA,2,12,14,2,2,1
105,"PCA-LDA",NA,9,16,20,2,2,1
106,"CCA-LDA",NA,3,12,13,2,2,1
106,"PCA-LDA",NA,6,18,20,2,2,1
107,"CCA-LDA",NA,4,12,17,2,2,1
107,"PCA-LDA",NA,5,21,21,2,2,1
108,"CCA-LDA",NA,7,9,15,2,2,1
108,"PCA-LDA",NA,5,18,20,2,2,1
109,"CCA-LDA",NA,4,12,13,2,2,1
109,"PCA-LDA",NA,9,20,21,2,2,1
110,"CCA-LDA",NA,2,12,13,2,2,1
110,"PCA-LDA",NA,6,15,19,2,2,1
111,"CCA-LDA",NA,3,12,16,2,2,1
111,"PCA-LDA",NA,4,20,22,2,2,1
112,"CCA-LDA",NA,5,12,17,2,2,1
112,"PCA-LDA",NA,9,15,17,2,2,1
113,"CCA-LDA",NA,3,12,14,2,2,1
113,"PCA-LDA",NA,8,14,20,2,2,1
114,"CCA-LDA",NA,4,12,12,2,2,1
114,"PCA-LDA",NA,3,12,13,2,2,1
115,"CCA-LDA",NA,2,13,13,2,2,1
115,"PCA-LDA",NA,8,22,23,2,2,1
116,"CCA-LDA",NA,5,14,16,2,2,1
116,"PCA-LDA",NA,8,17,18,2,2,1
117,"CCA-LDA",NA,8,13,14,2,2,1
117,"PCA-LDA",NA,3,17,18,2,2,1
118,"CCA-LDA",NA,4,10,13,2,2,1
118,"PCA-LDA",NA,6,16,22,2,2,1
119,"CCA-LDA",NA,2,13,13,2,2,1
119,"PCA-LDA",NA,11,16,24,2,2,1
120,"CCA-LDA",NA,3,9,12,2,2,1
120,"PCA-LDA",NA,4,14,19,2,2,1
121,"CCA-LDA",NA,5,13,16,2,2,1
121,"PCA-LDA",NA,11,19,24,2,2,1
122,"CCA-LDA",NA,4,9,14,2,2,1
122,"PCA-LDA",NA,3,8,15,2,2,1
123,"CCA-LDA",NA,3,12,13,2,2,1
123,"PCA-LDA",NA,14,18,23,2,2,1
124,"CCA-LDA",NA,3,11,12,2,2,1
124,"PCA-LDA",NA,5,14,15,2,2,1
125,"CCA-LDA",NA,2,12,13,2,2,1
125,"PCA-LDA",NA,6,14,17,2,2,1
126,"CCA-LDA",NA,2,13,14,2,2,1
126,"PCA-LDA",NA,6,14,21,2,2,1
127,"CCA-LDA",NA,7,10,18,2,2,1
127,"PCA-LDA",NA,6,14,22,2,2,1
128,"CCA-LDA",NA,4,12,17,2,2,1
128,"PCA-LDA",NA,9,19,23,2,2,1
129,"CCA-LDA",NA,4,12,13,2,2,1
129,"PCA-LDA",NA,8,13,18,2,2,1
130,"CCA-LDA",NA,6,12,14,2,2,1
130,"PCA-LDA",NA,3,13,13,2,2,1
131,"CCA-LDA",NA,5,11,12,2,2,1
131,"PCA-LDA",NA,8,15,23,2,2,1
132,"CCA-LDA",NA,3,11,14,2,2,1
132,"PCA-LDA",NA,12,16,19,2,2,1
133,"CCA-LDA",NA,5,12,14,2,2,1
133,"PCA-LDA",NA,11,13,18,2,2,1
134,"CCA-LDA",NA,2,13,13,2,2,1
134,"PCA-LDA",NA,3,20,23,2,2,1
135,"CCA-LDA",NA,6,12,15,2,2,1
135,"PCA-LDA",NA,8,17,20,2,2,1
136,"CCA-LDA",NA,7,12,17,2,2,1
136,"PCA-LDA",NA,3,18,21,2,2,1
137,"CCA-LDA",NA,6,12,14,2,2,1
137,"PCA-LDA",NA,5,9,11,2,2,1
138,"CCA-LDA",NA,4,13,16,2,2,1
138,"PCA-LDA",NA,4,15,19,2,2,1
139,"CCA-LDA",NA,3,11,12,2,2,1
139,"PCA-LDA",NA,10,13,20,2,2,1
140,"CCA-LDA",NA,3,9,13,2,2,1
140,"PCA-LDA",NA,7,14,16,2,2,1
141,"CCA-LDA",NA,4,14,16,2,2,1
141,"PCA-LDA",NA,6,15,20,2,2,1
142,"CCA-LDA",NA,5,12,18,2,2,1
142,"PCA-LDA",NA,12,18,23,2,2,1
143,"CCA-LDA",NA,2,10,15,2,2,1
143,"PCA-LDA",NA,9,16,20,2,2,1
144,"CCA-LDA",NA,2,12,14,2,2,1
144,"PCA-LDA",NA,3,9,13,2,2,1
145,"CCA-LDA",NA,2,10,18,2,2,1
145,"PCA-LDA",NA,9,16,22,2,2,1
146,"CCA-LDA",NA,2,10,15,2,2,1
146,"PCA-LDA",NA,6,12,20,2,2,1
147,"CCA-LDA",NA,3,13,18,2,2,1
147,"PCA-LDA",NA,10,19,21,2,2,1
148,"CCA-LDA",NA,6,12,16,2,2,1
148,"PCA-LDA",NA,5,13,18,2,2,1
149,"CCA-LDA",NA,4,8,13,2,2,1
149,"PCA-LDA",NA,4,21,23,2,2,1
150,"CCA-LDA",NA,2,11,11,2,2,1
150,"PCA-LDA",NA,5,17,21,2,2,1
151,"CCA-LDA",NA,2,13,13,2,2,1
151,"PCA-LDA",NA,1,19,19,2,2,1
152,"CCA-LDA",NA,3,11,19,2,2,1
152,"PCA-LDA",NA,11,16,22,2,2,1
153,"CCA-LDA",NA,4,12,16,2,2,1
153,"PCA-LDA",NA,6,13,13,2,2,1
154,"CCA-LDA",NA,2,13,15,2,2,1
154,"PCA-LDA",NA,7,17,21,2,2,1
155,"CCA-LDA",NA,2,11,14,2,2,1
155,"PCA-LDA",NA,8,13,21,2,2,1
156,"CCA-LDA",NA,1,12,12,2,2,1
156,"PCA-LDA",NA,8,14,19,2,2,1
157,"CCA-LDA",NA,8,13,17,2,2,1
157,"PCA-LDA",NA,6,13,18,2,2,1
158,"CCA-LDA",NA,3,14,18,2,2,1
158,"PCA-LDA",NA,6,10,16,2,2,1
159,"CCA-LDA",NA,5,8,14,2,2,1
159,"PCA-LDA",NA,7,12,20,2,2,1
160,"CCA-LDA",NA,2,11,15,2,2,1
160,"PCA-LDA",NA,9,18,19,2,2,1
161,"CCA-LDA",NA,4,12,14,2,2,1
161,"PCA-LDA",NA,7,16,17,2,2,1
162,"CCA-LDA",NA,7,12,24,2,2,1
162,"PCA-LDA",NA,10,15,27,2,2,1
163,"CCA-LDA",NA,3,13,14,2,2,1
163,"PCA-LDA",NA,5,16,18,2,2,1
164,"CCA-LDA",NA,5,13,13,2,2,1
164,"PCA-LDA",NA,4,17,21,2,2,1
165,"CCA-LDA",NA,2,11,14,2,2,1
165,"PCA-LDA",NA,7,12,13,2,2,1
166,"CCA-LDA",NA,5,10,16,2,2,1
166,"PCA-LDA",NA,4,16,21,2,2,1
167,"CCA-LDA",NA,5,12,16,2,2,1
167,"PCA-LDA",NA,10,15,23,2,2,1
168,"CCA-LDA",NA,2,9,14,2,2,1
168,"PCA-LDA",NA,4,18,18,2,2,1
169,"CCA-LDA",NA,3,12,13,2,2,1
169,"PCA-LDA",NA,12,15,20,2,2,1
170,"CCA-LDA",NA,5,11,15,2,2,1
170,"PCA-LDA",NA,4,15,18,2,2,1
171,"CCA-LDA",NA,5,12,13,2,2,1
171,"PCA-LDA",NA,9,15,22,2,2,1
172,"CCA-LDA",NA,4,12,14,2,2,1
172,"PCA-LDA",NA,10,18,22,2,2,1
173,"CCA-LDA",NA,4,12,14,2,2,1
173,"PCA-LDA",NA,5,12,18,2,2,1
174,"CCA-LDA",NA,3,9,15,2,2,1
174,"PCA-LDA",NA,5,12,20,2,2,1
175,"CCA-LDA",NA,4,9,13,2,2,1
175,"PCA-LDA",NA,13,19,26,2,2,1
176,"CCA-LDA",NA,4,8,11,2,2,1
176,"PCA-LDA",NA,6,13,18,2,2,1
177,"CCA-LDA",NA,4,12,13,2,2,1
177,"PCA-LDA",NA,5,12,20,2,2,1
178,"CCA-LDA",NA,9,8,13,2,2,1
178,"PCA-LDA",NA,4,15,22,2,2,1
179,"CCA-LDA",NA,4,6,15,2,2,1
179,"PCA-LDA",NA,7,13,19,2,2,1
180,"CCA-LDA",NA,6,6,11,2,2,1
180,"PCA-LDA",NA,11,14,23,2,2,1
181,"CCA-LDA",NA,2,12,12,2,2,1
181,"PCA-LDA",NA,5,16,18,2,2,1
182,"CCA-LDA",NA,8,13,17,2,2,1
182,"PCA-LDA",NA,11,17,22,2,2,1
183,"CCA-LDA",NA,5,8,20,2,2,1
183,"PCA-LDA",NA,8,14,22,2,2,1
184,"CCA-LDA",NA,2,8,13,2,2,1
184,"PCA-LDA",NA,8,15,18,2,2,1
185,"CCA-LDA",NA,6,8,14,2,2,1
185,"PCA-LDA",NA,7,10,21,2,2,1
186,"CCA-LDA",NA,2,11,15,2,2,1
186,"PCA-LDA",NA,8,20,22,2,2,1
187,"CCA-LDA",NA,5,12,17,2,2,1
187,"PCA-LDA",NA,4,10,17,2,2,1
188,"CCA-LDA",NA,4,12,16,2,2,1
188,"PCA-LDA",NA,5,10,10,2,2,1
189,"CCA-LDA",NA,7,10,14,2,2,1
189,"PCA-LDA",NA,7,18,25,2,2,1
190,"CCA-LDA",NA,2,12,12,2,2,1
190,"PCA-LDA",NA,6,17,17,2,2,1
191,"CCA-LDA",NA,3,15,20,2,2,1
191,"PCA-LDA",NA,11,18,22,2,2,1
192,"CCA-LDA",NA,2,11,13,2,2,1
192,"PCA-LDA",NA,1,17,21,2,2,1
193,"CCA-LDA",NA,6,8,12,2,2,1
193,"PCA-LDA",NA,8,17,22,2,2,1
194,"CCA-LDA",NA,3,13,14,2,2,1
194,"PCA-LDA",NA,12,20,23,2,2,1
195,"CCA-LDA",NA,5,13,17,2,2,1
195,"PCA-LDA",NA,8,18,22,2,2,1
196,"CCA-LDA",NA,7,12,16,2,2,1
196,"PCA-LDA",NA,9,18,20,2,2,1
197,"CCA-LDA",NA,1,9,13,2,2,1
197,"PCA-LDA",NA,9,14,21,2,2,1
198,"CCA-LDA",NA,4,12,16,2,2,1
198,"PCA-LDA",NA,7,20,23,2,2,1
199,"CCA-LDA",NA,4,12,13,2,2,1
199,"PCA-LDA",NA,10,15,18,2,2,1
200,"CCA-LDA",NA,5,12,13,2,2,1
200,"PCA-LDA",NA,7,13,15,2,2,1
1,"CCA-LDA",NA,0,2,20,3,1,4
1,"PCA-LDA",NA,0,2,32,3,1,4
2,"CCA-LDA",NA,0,2,18,3,1,4
2,"PCA-LDA",NA,1,2,21,3,1,4
3,"CCA-LDA",NA,0,2,36,3,1,4
3,"PCA-LDA",NA,0,2,31,3,1,4
4,"CCA-LDA",NA,0,2,28,3,1,4
4,"PCA-LDA",NA,0,2,25,3,1,4
5,"CCA-LDA",NA,0,2,32,3,1,4
5,"PCA-LDA",NA,1,2,22,3,1,4
6,"CCA-LDA",NA,0,2,27,3,1,4
6,"PCA-LDA",NA,1,2,11,3,1,4
7,"CCA-LDA",NA,0,2,35,3,1,4
7,"PCA-LDA",NA,1,2,39,3,1,4
8,"CCA-LDA",NA,0,2,35,3,1,4
8,"PCA-LDA",NA,0,2,38,3,1,4
9,"CCA-LDA",NA,0,2,30,3,1,4
9,"PCA-LDA",NA,0,2,13,3,1,4
10,"CCA-LDA",NA,0,2,25,3,1,4
10,"PCA-LDA",NA,0,2,19,3,1,4
11,"CCA-LDA",NA,0,2,15,3,1,4
11,"PCA-LDA",NA,0,2,27,3,1,4
12,"CCA-LDA",NA,0,2,17,3,1,4
12,"PCA-LDA",NA,0,2,28,3,1,4
13,"CCA-LDA",NA,0,2,23,3,1,4
13,"PCA-LDA",NA,0,2,32,3,1,4
14,"CCA-LDA",NA,0,2,23,3,1,4
14,"PCA-LDA",NA,0,2,29,3,1,4
15,"CCA-LDA",NA,0,2,21,3,1,4
15,"PCA-LDA",NA,0,2,37,3,1,4
16,"CCA-LDA",NA,0,2,24,3,1,4
16,"PCA-LDA",NA,0,2,28,3,1,4
17,"CCA-LDA",NA,0,2,39,3,1,4
17,"PCA-LDA",NA,0,2,21,3,1,4
18,"CCA-LDA",NA,0,2,19,3,1,4
18,"PCA-LDA",NA,0,2,19,3,1,4
19,"CCA-LDA",NA,0,2,23,3,1,4
19,"PCA-LDA",NA,0,2,9,3,1,4
20,"CCA-LDA",NA,0,2,27,3,1,4
20,"PCA-LDA",NA,1,2,34,3,1,4
21,"CCA-LDA",NA,0,2,13,3,1,4
21,"PCA-LDA",NA,1,2,36,3,1,4
22,"CCA-LDA",NA,0,2,26,3,1,4
22,"PCA-LDA",NA,0,2,28,3,1,4
23,"CCA-LDA",NA,0,2,22,3,1,4
23,"PCA-LDA",NA,0,2,25,3,1,4
24,"CCA-LDA",NA,0,2,17,3,1,4
24,"PCA-LDA",NA,0,2,32,3,1,4
25,"CCA-LDA",NA,0,2,31,3,1,4
25,"PCA-LDA",NA,0,2,38,3,1,4
26,"CCA-LDA",NA,0,2,32,3,1,4
26,"PCA-LDA",NA,0,2,29,3,1,4
27,"CCA-LDA",NA,0,2,35,3,1,4
27,"PCA-LDA",NA,1,2,31,3,1,4
28,"CCA-LDA",NA,0,2,12,3,1,4
28,"PCA-LDA",NA,0,2,39,3,1,4
29,"CCA-LDA",NA,0,2,23,3,1,4
29,"PCA-LDA",NA,1,2,22,3,1,4
30,"CCA-LDA",NA,0,2,31,3,1,4
30,"PCA-LDA",NA,0,2,37,3,1,4
31,"CCA-LDA",NA,0,2,31,3,1,4
31,"PCA-LDA",NA,0,2,32,3,1,4
32,"CCA-LDA",NA,0,2,12,3,1,4
32,"PCA-LDA",NA,0,2,22,3,1,4
33,"CCA-LDA",NA,0,2,13,3,1,4
33,"PCA-LDA",NA,0,2,26,3,1,4
34,"CCA-LDA",NA,0,2,25,3,1,4
34,"PCA-LDA",NA,1,2,24,3,1,4
35,"CCA-LDA",NA,0,2,32,3,1,4
35,"PCA-LDA",NA,0,2,15,3,1,4
36,"CCA-LDA",NA,1,2,16,3,1,4
36,"PCA-LDA",NA,0,2,28,3,1,4
37,"CCA-LDA",NA,0,2,30,3,1,4
37,"PCA-LDA",NA,0,2,16,3,1,4
38,"CCA-LDA",NA,1,2,23,3,1,4
38,"PCA-LDA",NA,0,2,29,3,1,4
39,"CCA-LDA",NA,0,2,27,3,1,4
39,"PCA-LDA",NA,0,2,22,3,1,4
40,"CCA-LDA",NA,0,2,35,3,1,4
40,"PCA-LDA",NA,0,2,32,3,1,4
41,"CCA-LDA",NA,0,2,35,3,1,4
41,"PCA-LDA",NA,1,2,38,3,1,4
42,"CCA-LDA",NA,0,2,27,3,1,4
42,"PCA-LDA",NA,0,2,32,3,1,4
43,"CCA-LDA",NA,0,2,31,3,1,4
43,"PCA-LDA",NA,2,2,24,3,1,4
44,"CCA-LDA",NA,0,2,30,3,1,4
44,"PCA-LDA",NA,0,2,34,3,1,4
45,"CCA-LDA",NA,0,2,35,3,1,4
45,"PCA-LDA",NA,0,2,25,3,1,4
46,"CCA-LDA",NA,0,2,29,3,1,4
46,"PCA-LDA",NA,1,2,16,3,1,4
47,"CCA-LDA",NA,0,2,29,3,1,4
47,"PCA-LDA",NA,0,2,16,3,1,4
48,"CCA-LDA",NA,1,2,35,3,1,4
48,"PCA-LDA",NA,1,2,33,3,1,4
49,"CCA-LDA",NA,1,2,32,3,1,4
49,"PCA-LDA",NA,0,2,11,3,1,4
50,"CCA-LDA",NA,0,2,21,3,1,4
50,"PCA-LDA",NA,0,2,27,3,1,4
51,"CCA-LDA",NA,0,2,38,3,1,4
51,"PCA-LDA",NA,0,2,37,3,1,4
52,"CCA-LDA",NA,0,2,30,3,1,4
52,"PCA-LDA",NA,0,2,35,3,1,4
53,"CCA-LDA",NA,0,2,31,3,1,4
53,"PCA-LDA",NA,0,2,20,3,1,4
54,"CCA-LDA",NA,0,2,38,3,1,4
54,"PCA-LDA",NA,0,2,33,3,1,4
55,"CCA-LDA",NA,0,2,29,3,1,4
55,"PCA-LDA",NA,0,2,33,3,1,4
56,"CCA-LDA",NA,0,2,35,3,1,4
56,"PCA-LDA",NA,0,2,21,3,1,4
57,"CCA-LDA",NA,0,2,23,3,1,4
57,"PCA-LDA",NA,0,2,24,3,1,4
58,"CCA-LDA",NA,0,2,28,3,1,4
58,"PCA-LDA",NA,0,2,23,3,1,4
59,"CCA-LDA",NA,0,2,32,3,1,4
59,"PCA-LDA",NA,0,2,28,3,1,4
60,"CCA-LDA",NA,1,2,30,3,1,4
60,"PCA-LDA",NA,0,2,38,3,1,4
61,"CCA-LDA",NA,0,2,23,3,1,4
61,"PCA-LDA",NA,0,2,29,3,1,4
62,"CCA-LDA",NA,0,2,35,3,1,4
62,"PCA-LDA",NA,0,2,17,3,1,4
63,"CCA-LDA",NA,0,2,32,3,1,4
63,"PCA-LDA",NA,0,2,27,3,1,4
64,"CCA-LDA",NA,0,2,32,3,1,4
64,"PCA-LDA",NA,0,2,26,3,1,4
65,"CCA-LDA",NA,0,2,36,3,1,4
65,"PCA-LDA",NA,0,2,29,3,1,4
66,"CCA-LDA",NA,0,2,11,3,1,4
66,"PCA-LDA",NA,0,2,21,3,1,4
67,"CCA-LDA",NA,0,2,38,3,1,4
67,"PCA-LDA",NA,0,2,33,3,1,4
68,"CCA-LDA",NA,0,2,24,3,1,4
68,"PCA-LDA",NA,0,2,27,3,1,4
69,"CCA-LDA",NA,0,2,28,3,1,4
69,"PCA-LDA",NA,0,2,37,3,1,4
70,"CCA-LDA",NA,0,2,16,3,1,4
70,"PCA-LDA",NA,0,2,27,3,1,4
71,"CCA-LDA",NA,0,2,33,3,1,4
71,"PCA-LDA",NA,0,2,35,3,1,4
72,"CCA-LDA",NA,0,2,24,3,1,4
72,"PCA-LDA",NA,0,2,22,3,1,4
73,"CCA-LDA",NA,0,2,31,3,1,4
73,"PCA-LDA",NA,0,2,30,3,1,4
74,"CCA-LDA",NA,0,2,20,3,1,4
74,"PCA-LDA",NA,1,2,17,3,1,4
75,"CCA-LDA",NA,0,2,10,3,1,4
75,"PCA-LDA",NA,0,2,24,3,1,4
76,"CCA-LDA",NA,0,2,9,3,1,4
76,"PCA-LDA",NA,0,2,21,3,1,4
77,"CCA-LDA",NA,0,2,13,3,1,4
77,"PCA-LDA",NA,0,2,37,3,1,4
78,"CCA-LDA",NA,0,2,26,3,1,4
78,"PCA-LDA",NA,0,2,31,3,1,4
79,"CCA-LDA",NA,0,2,28,3,1,4
79,"PCA-LDA",NA,0,2,36,3,1,4
80,"CCA-LDA",NA,0,2,27,3,1,4
80,"PCA-LDA",NA,1,2,13,3,1,4
81,"CCA-LDA",NA,0,2,34,3,1,4
81,"PCA-LDA",NA,0,2,16,3,1,4
82,"CCA-LDA",NA,0,2,25,3,1,4
82,"PCA-LDA",NA,0,2,33,3,1,4
83,"CCA-LDA",NA,0,2,18,3,1,4
83,"PCA-LDA",NA,0,2,38,3,1,4
84,"CCA-LDA",NA,0,2,32,3,1,4
84,"PCA-LDA",NA,0,2,31,3,1,4
85,"CCA-LDA",NA,0,2,31,3,1,4
85,"PCA-LDA",NA,1,2,17,3,1,4
86,"CCA-LDA",NA,0,2,27,3,1,4
86,"PCA-LDA",NA,0,2,31,3,1,4
87,"CCA-LDA",NA,0,2,11,3,1,4
87,"PCA-LDA",NA,0,2,24,3,1,4
88,"CCA-LDA",NA,0,2,31,3,1,4
88,"PCA-LDA",NA,0,2,34,3,1,4
89,"CCA-LDA",NA,0,2,30,3,1,4
89,"PCA-LDA",NA,0,2,34,3,1,4
90,"CCA-LDA",NA,0,2,21,3,1,4
90,"PCA-LDA",NA,0,2,27,3,1,4
91,"CCA-LDA",NA,0,2,12,3,1,4
91,"PCA-LDA",NA,0,2,39,3,1,4
92,"CCA-LDA",NA,0,2,17,3,1,4
92,"PCA-LDA",NA,1,2,28,3,1,4
93,"CCA-LDA",NA,0,2,32,3,1,4
93,"PCA-LDA",NA,0,2,35,3,1,4
94,"CCA-LDA",NA,0,2,22,3,1,4
94,"PCA-LDA",NA,0,2,36,3,1,4
95,"CCA-LDA",NA,0,2,20,3,1,4
95,"PCA-LDA",NA,0,2,17,3,1,4
96,"CCA-LDA",NA,1,2,21,3,1,4
96,"PCA-LDA",NA,0,2,30,3,1,4
97,"CCA-LDA",NA,0,2,16,3,1,4
97,"PCA-LDA",NA,0,2,33,3,1,4
98,"CCA-LDA",NA,0,2,29,3,1,4
98,"PCA-LDA",NA,0,2,31,3,1,4
99,"CCA-LDA",NA,0,2,21,3,1,4
99,"PCA-LDA",NA,0,2,11,3,1,4
100,"CCA-LDA",NA,0,2,31,3,1,4
100,"PCA-LDA",NA,0,2,39,3,1,4
101,"CCA-LDA",NA,0,2,31,3,1,4
101,"PCA-LDA",NA,0,2,35,3,1,4
102,"CCA-LDA",NA,0,2,15,3,1,4
102,"PCA-LDA",NA,0,2,24,3,1,4
103,"CCA-LDA",NA,0,2,36,3,1,4
103,"PCA-LDA",NA,0,2,34,3,1,4
104,"CCA-LDA",NA,0,2,21,3,1,4
104,"PCA-LDA",NA,0,2,21,3,1,4
105,"CCA-LDA",NA,0,2,12,3,1,4
105,"PCA-LDA",NA,0,2,35,3,1,4
106,"CCA-LDA",NA,0,2,37,3,1,4
106,"PCA-LDA",NA,0,2,23,3,1,4
107,"CCA-LDA",NA,0,2,22,3,1,4
107,"PCA-LDA",NA,0,2,28,3,1,4
108,"CCA-LDA",NA,0,2,31,3,1,4
108,"PCA-LDA",NA,0,2,23,3,1,4
109,"CCA-LDA",NA,0,2,21,3,1,4
109,"PCA-LDA",NA,0,2,33,3,1,4
110,"CCA-LDA",NA,0,2,20,3,1,4
110,"PCA-LDA",NA,0,2,24,3,1,4
111,"CCA-LDA",NA,0,2,13,3,1,4
111,"PCA-LDA",NA,0,2,27,3,1,4
112,"CCA-LDA",NA,0,2,29,3,1,4
112,"PCA-LDA",NA,0,2,19,3,1,4
113,"CCA-LDA",NA,0,2,33,3,1,4
113,"PCA-LDA",NA,0,2,24,3,1,4
114,"CCA-LDA",NA,0,2,22,3,1,4
114,"PCA-LDA",NA,0,2,19,3,1,4
115,"CCA-LDA",NA,0,2,24,3,1,4
115,"PCA-LDA",NA,0,2,29,3,1,4
116,"CCA-LDA",NA,0,2,30,3,1,4
116,"PCA-LDA",NA,0,2,33,3,1,4
117,"CCA-LDA",NA,0,2,19,3,1,4
117,"PCA-LDA",NA,0,2,27,3,1,4
118,"CCA-LDA",NA,0,2,21,3,1,4
118,"PCA-LDA",NA,0,2,33,3,1,4
119,"CCA-LDA",NA,0,2,19,3,1,4
119,"PCA-LDA",NA,0,2,29,3,1,4
120,"CCA-LDA",NA,0,2,27,3,1,4
120,"PCA-LDA",NA,0,2,8,3,1,4
121,"CCA-LDA",NA,0,2,20,3,1,4
121,"PCA-LDA",NA,0,2,33,3,1,4
122,"CCA-LDA",NA,0,2,16,3,1,4
122,"PCA-LDA",NA,0,2,17,3,1,4
123,"CCA-LDA",NA,0,2,26,3,1,4
123,"PCA-LDA",NA,0,2,28,3,1,4
124,"CCA-LDA",NA,0,2,24,3,1,4
124,"PCA-LDA",NA,0,2,29,3,1,4
125,"CCA-LDA",NA,0,2,10,3,1,4
125,"PCA-LDA",NA,0,2,24,3,1,4
126,"CCA-LDA",NA,0,2,22,3,1,4
126,"PCA-LDA",NA,0,2,29,3,1,4
127,"CCA-LDA",NA,0,2,35,3,1,4
127,"PCA-LDA",NA,0,2,19,3,1,4
128,"CCA-LDA",NA,0,2,24,3,1,4
128,"PCA-LDA",NA,0,2,26,3,1,4
129,"CCA-LDA",NA,0,2,23,3,1,4
129,"PCA-LDA",NA,0,2,19,3,1,4
130,"CCA-LDA",NA,0,2,14,3,1,4
130,"PCA-LDA",NA,0,2,17,3,1,4
131,"CCA-LDA",NA,0,2,20,3,1,4
131,"PCA-LDA",NA,0,2,32,3,1,4
132,"CCA-LDA",NA,0,2,27,3,1,4
132,"PCA-LDA",NA,0,2,29,3,1,4
133,"CCA-LDA",NA,1,2,29,3,1,4
133,"PCA-LDA",NA,0,2,12,3,1,4
134,"CCA-LDA",NA,0,2,27,3,1,4
134,"PCA-LDA",NA,0,2,32,3,1,4
135,"CCA-LDA",NA,0,2,35,3,1,4
135,"PCA-LDA",NA,0,2,31,3,1,4
136,"CCA-LDA",NA,0,2,25,3,1,4
136,"PCA-LDA",NA,0,2,26,3,1,4
137,"CCA-LDA",NA,0,2,36,3,1,4
137,"PCA-LDA",NA,0,2,12,3,1,4
138,"CCA-LDA",NA,0,2,36,3,1,4
138,"PCA-LDA",NA,0,2,36,3,1,4
139,"CCA-LDA",NA,0,2,39,3,1,4
139,"PCA-LDA",NA,1,2,17,3,1,4
140,"CCA-LDA",NA,0,2,22,3,1,4
140,"PCA-LDA",NA,0,2,35,3,1,4
141,"CCA-LDA",NA,0,2,36,3,1,4
141,"PCA-LDA",NA,0,2,38,3,1,4
142,"CCA-LDA",NA,0,2,18,3,1,4
142,"PCA-LDA",NA,0,2,34,3,1,4
143,"CCA-LDA",NA,0,2,12,3,1,4
143,"PCA-LDA",NA,0,2,32,3,1,4
144,"CCA-LDA",NA,0,2,36,3,1,4
144,"PCA-LDA",NA,0,2,11,3,1,4
145,"CCA-LDA",NA,0,2,14,3,1,4
145,"PCA-LDA",NA,0,2,33,3,1,4
146,"CCA-LDA",NA,0,2,19,3,1,4
146,"PCA-LDA",NA,0,2,28,3,1,4
147,"CCA-LDA",NA,0,2,17,3,1,4
147,"PCA-LDA",NA,0,2,23,3,1,4
148,"CCA-LDA",NA,0,2,17,3,1,4
148,"PCA-LDA",NA,1,2,30,3,1,4
149,"CCA-LDA",NA,0,2,24,3,1,4
149,"PCA-LDA",NA,0,2,32,3,1,4
150,"CCA-LDA",NA,0,2,34,3,1,4
150,"PCA-LDA",NA,0,2,36,3,1,4
151,"CCA-LDA",NA,0,2,18,3,1,4
151,"PCA-LDA",NA,0,2,24,3,1,4
152,"CCA-LDA",NA,0,2,23,3,1,4
152,"PCA-LDA",NA,0,2,25,3,1,4
153,"CCA-LDA",NA,0,2,28,3,1,4
153,"PCA-LDA",NA,0,2,32,3,1,4
154,"CCA-LDA",NA,0,2,26,3,1,4
154,"PCA-LDA",NA,1,2,25,3,1,4
155,"CCA-LDA",NA,0,2,36,3,1,4
155,"PCA-LDA",NA,0,2,27,3,1,4
156,"CCA-LDA",NA,0,2,20,3,1,4
156,"PCA-LDA",NA,0,2,22,3,1,4
157,"CCA-LDA",NA,0,2,20,3,1,4
157,"PCA-LDA",NA,0,2,37,3,1,4
158,"CCA-LDA",NA,0,2,19,3,1,4
158,"PCA-LDA",NA,0,2,7,3,1,4
159,"CCA-LDA",NA,1,2,32,3,1,4
159,"PCA-LDA",NA,0,2,35,3,1,4
160,"CCA-LDA",NA,0,2,22,3,1,4
160,"PCA-LDA",NA,0,2,20,3,1,4
161,"CCA-LDA",NA,0,2,11,3,1,4
161,"PCA-LDA",NA,0,2,28,3,1,4
162,"CCA-LDA",NA,0,2,35,3,1,4
162,"PCA-LDA",NA,0,2,34,3,1,4
163,"CCA-LDA",NA,0,2,23,3,1,4
163,"PCA-LDA",NA,1,2,22,3,1,4
164,"CCA-LDA",NA,0,2,37,3,1,4
164,"PCA-LDA",NA,1,2,24,3,1,4
165,"CCA-LDA",NA,0,2,18,3,1,4
165,"PCA-LDA",NA,0,2,8,3,1,4
166,"CCA-LDA",NA,0,2,29,3,1,4
166,"PCA-LDA",NA,0,2,34,3,1,4
167,"CCA-LDA",NA,0,2,14,3,1,4
167,"PCA-LDA",NA,1,2,36,3,1,4
168,"CCA-LDA",NA,0,2,27,3,1,4
168,"PCA-LDA",NA,0,2,38,3,1,4
169,"CCA-LDA",NA,0,2,30,3,1,4
169,"PCA-LDA",NA,0,2,26,3,1,4
170,"CCA-LDA",NA,0,2,26,3,1,4
170,"PCA-LDA",NA,0,2,21,3,1,4
171,"CCA-LDA",NA,0,2,24,3,1,4
171,"PCA-LDA",NA,0,2,27,3,1,4
172,"CCA-LDA",NA,0,2,24,3,1,4
172,"PCA-LDA",NA,0,2,32,3,1,4
173,"CCA-LDA",NA,0,2,25,3,1,4
173,"PCA-LDA",NA,0,2,23,3,1,4
174,"CCA-LDA",NA,0,2,24,3,1,4
174,"PCA-LDA",NA,0,2,26,3,1,4
175,"CCA-LDA",NA,0,2,19,3,1,4
175,"PCA-LDA",NA,0,2,32,3,1,4
176,"CCA-LDA",NA,0,2,32,3,1,4
176,"PCA-LDA",NA,0,2,30,3,1,4
177,"CCA-LDA",NA,0,2,20,3,1,4
177,"PCA-LDA",NA,0,2,34,3,1,4
178,"CCA-LDA",NA,0,2,39,3,1,4
178,"PCA-LDA",NA,0,2,22,3,1,4
179,"CCA-LDA",NA,0,2,36,3,1,4
179,"PCA-LDA",NA,0,2,34,3,1,4
180,"CCA-LDA",NA,0,2,20,3,1,4
180,"PCA-LDA",NA,0,2,30,3,1,4
181,"CCA-LDA",NA,1,2,18,3,1,4
181,"PCA-LDA",NA,0,2,25,3,1,4
182,"CCA-LDA",NA,0,2,17,3,1,4
182,"PCA-LDA",NA,0,2,33,3,1,4
183,"CCA-LDA",NA,0,2,37,3,1,4
183,"PCA-LDA",NA,0,2,20,3,1,4
184,"CCA-LDA",NA,0,2,32,3,1,4
184,"PCA-LDA",NA,0,2,24,3,1,4
185,"CCA-LDA",NA,0,2,10,3,1,4
185,"PCA-LDA",NA,0,2,39,3,1,4
186,"CCA-LDA",NA,0,2,21,3,1,4
186,"PCA-LDA",NA,0,2,33,3,1,4
187,"CCA-LDA",NA,0,2,22,3,1,4
187,"PCA-LDA",NA,0,2,36,3,1,4
188,"CCA-LDA",NA,0,2,23,3,1,4
188,"PCA-LDA",NA,0,2,20,3,1,4
189,"CCA-LDA",NA,1,2,35,3,1,4
189,"PCA-LDA",NA,0,2,30,3,1,4
190,"CCA-LDA",NA,0,2,32,3,1,4
190,"PCA-LDA",NA,0,2,32,3,1,4
191,"CCA-LDA",NA,0,2,8,3,1,4
191,"PCA-LDA",NA,0,2,18,3,1,4
192,"CCA-LDA",NA,0,2,21,3,1,4
192,"PCA-LDA",NA,0,2,33,3,1,4
193,"CCA-LDA",NA,0,2,15,3,1,4
193,"PCA-LDA",NA,0,2,22,3,1,4
194,"CCA-LDA",NA,0,2,33,3,1,4
194,"PCA-LDA",NA,0,2,35,3,1,4
195,"CCA-LDA",NA,0,2,22,3,1,4
195,"PCA-LDA",NA,0,2,29,3,1,4
196,"CCA-LDA",NA,0,2,26,3,1,4
196,"PCA-LDA",NA,0,2,27,3,1,4
197,"CCA-LDA",NA,0,2,27,3,1,4
197,"PCA-LDA",NA,0,2,15,3,1,4
198,"CCA-LDA",NA,0,2,17,3,1,4
198,"PCA-LDA",NA,0,2,38,3,1,4
199,"CCA-LDA",NA,0,2,25,3,1,4
199,"PCA-LDA",NA,1,2,19,3,1,4
200,"CCA-LDA",NA,0,2,25,3,1,4
200,"PCA-LDA",NA,1,2,15,3,1,4
1,"CCA-LDA",NA,0,2,13,3,2,5
1,"PCA-LDA",NA,0,2,24,3,2,5
2,"CCA-LDA",NA,0,2,17,3,2,5
2,"PCA-LDA",NA,0,2,31,3,2,5
3,"CCA-LDA",NA,0,2,20,3,2,5
3,"PCA-LDA",NA,0,2,28,3,2,5
4,"CCA-LDA",NA,0,2,31,3,2,5
4,"PCA-LDA",NA,0,2,23,3,2,5
5,"CCA-LDA",NA,0,2,14,3,2,5
5,"PCA-LDA",NA,0,2,21,3,2,5
6,"CCA-LDA",NA,0,2,20,3,2,5
6,"PCA-LDA",NA,0,2,39,3,2,5
7,"CCA-LDA",NA,0,2,12,3,2,5
7,"PCA-LDA",NA,0,2,28,3,2,5
8,"CCA-LDA",NA,0,2,15,3,2,5
8,"PCA-LDA",NA,0,2,24,3,2,5
9,"CCA-LDA",NA,0,2,11,3,2,5
9,"PCA-LDA",NA,0,2,12,3,2,5
10,"CCA-LDA",NA,0,2,18,3,2,5
10,"PCA-LDA",NA,0,2,18,3,2,5
11,"CCA-LDA",NA,0,2,14,3,2,5
11,"PCA-LDA",NA,0,2,23,3,2,5
12,"CCA-LDA",NA,0,2,17,3,2,5
12,"PCA-LDA",NA,0,2,24,3,2,5
13,"CCA-LDA",NA,0,2,8,3,2,5
13,"PCA-LDA",NA,0,2,27,3,2,5
14,"CCA-LDA",NA,0,2,8,3,2,5
14,"PCA-LDA",NA,0,2,17,3,2,5
15,"CCA-LDA",NA,0,2,32,3,2,5
15,"PCA-LDA",NA,0,2,31,3,2,5
16,"CCA-LDA",NA,0,2,9,3,2,5
16,"PCA-LDA",NA,0,2,26,3,2,5
17,"CCA-LDA",NA,0,2,25,3,2,5
17,"PCA-LDA",NA,0,2,14,3,2,5
18,"CCA-LDA",NA,0,2,29,3,2,5
18,"PCA-LDA",NA,0,2,16,3,2,5
19,"CCA-LDA",NA,0,2,11,3,2,5
19,"PCA-LDA",NA,0,2,15,3,2,5
20,"CCA-LDA",NA,0,2,12,3,2,5
20,"PCA-LDA",NA,0,2,25,3,2,5
21,"CCA-LDA",NA,0,2,14,3,2,5
21,"PCA-LDA",NA,0,2,31,3,2,5
22,"CCA-LDA",NA,0,2,14,3,2,5
22,"PCA-LDA",NA,0,2,24,3,2,5
23,"CCA-LDA",NA,0,2,22,3,2,5
23,"PCA-LDA",NA,0,2,23,3,2,5
24,"CCA-LDA",NA,0,2,29,3,2,5
24,"PCA-LDA",NA,0,2,26,3,2,5
25,"CCA-LDA",NA,0,2,16,3,2,5
25,"PCA-LDA",NA,0,2,27,3,2,5
26,"CCA-LDA",NA,0,2,13,3,2,5
26,"PCA-LDA",NA,0,2,24,3,2,5
27,"CCA-LDA",NA,0,2,26,3,2,5
27,"PCA-LDA",NA,0,2,30,3,2,5
28,"CCA-LDA",NA,0,2,30,3,2,5
28,"PCA-LDA",NA,0,2,22,3,2,5
29,"CCA-LDA",NA,0,2,12,3,2,5
29,"PCA-LDA",NA,0,2,32,3,2,5
30,"CCA-LDA",NA,0,2,14,3,2,5
30,"PCA-LDA",NA,0,2,25,3,2,5
31,"CCA-LDA",NA,0,2,15,3,2,5
31,"PCA-LDA",NA,0,2,22,3,2,5
32,"CCA-LDA",NA,0,2,12,3,2,5
32,"PCA-LDA",NA,0,2,12,3,2,5
33,"CCA-LDA",NA,0,2,5,3,2,5
33,"PCA-LDA",NA,0,2,21,3,2,5
34,"CCA-LDA",NA,0,2,21,3,2,5
34,"PCA-LDA",NA,0,2,34,3,2,5
35,"CCA-LDA",NA,0,2,15,3,2,5
35,"PCA-LDA",NA,0,2,11,3,2,5
36,"CCA-LDA",NA,0,2,14,3,2,5
36,"PCA-LDA",NA,0,2,23,3,2,5
37,"CCA-LDA",NA,0,2,11,3,2,5
37,"PCA-LDA",NA,0,2,14,3,2,5
38,"CCA-LDA",NA,0,2,7,3,2,5
38,"PCA-LDA",NA,0,2,23,3,2,5
39,"CCA-LDA",NA,0,2,6,3,2,5
39,"PCA-LDA",NA,0,2,19,3,2,5
40,"CCA-LDA",NA,0,2,28,3,2,5
40,"PCA-LDA",NA,0,2,25,3,2,5
41,"CCA-LDA",NA,0,2,6,3,2,5
41,"PCA-LDA",NA,0,2,31,3,2,5
42,"CCA-LDA",NA,0,2,12,3,2,5
42,"PCA-LDA",NA,0,2,17,3,2,5
43,"CCA-LDA",NA,0,2,13,3,2,5
43,"PCA-LDA",NA,0,2,37,3,2,5
44,"CCA-LDA",NA,0,2,14,3,2,5
44,"PCA-LDA",NA,0,2,28,3,2,5
45,"CCA-LDA",NA,0,2,8,3,2,5
45,"PCA-LDA",NA,0,2,20,3,2,5
46,"CCA-LDA",NA,0,2,13,3,2,5
46,"PCA-LDA",NA,1,2,11,3,2,5
47,"CCA-LDA",NA,0,2,14,3,2,5
47,"PCA-LDA",NA,0,2,25,3,2,5
48,"CCA-LDA",NA,0,2,13,3,2,5
48,"PCA-LDA",NA,0,2,28,3,2,5
49,"CCA-LDA",NA,0,2,12,3,2,5
49,"PCA-LDA",NA,0,2,11,3,2,5
50,"CCA-LDA",NA,0,2,13,3,2,5
50,"PCA-LDA",NA,0,2,21,3,2,5
51,"CCA-LDA",NA,0,2,19,3,2,5
51,"PCA-LDA",NA,0,2,24,3,2,5
52,"CCA-LDA",NA,0,2,14,3,2,5
52,"PCA-LDA",NA,0,2,26,3,2,5
53,"CCA-LDA",NA,0,2,22,3,2,5
53,"PCA-LDA",NA,0,2,16,3,2,5
54,"CCA-LDA",NA,0,2,18,3,2,5
54,"PCA-LDA",NA,0,2,22,3,2,5
55,"CCA-LDA",NA,0,2,12,3,2,5
55,"PCA-LDA",NA,0,2,28,3,2,5
56,"CCA-LDA",NA,0,2,12,3,2,5
56,"PCA-LDA",NA,0,2,18,3,2,5
57,"CCA-LDA",NA,0,2,14,3,2,5
57,"PCA-LDA",NA,0,2,24,3,2,5
58,"CCA-LDA",NA,0,2,8,3,2,5
58,"PCA-LDA",NA,0,2,18,3,2,5
59,"CCA-LDA",NA,0,2,15,3,2,5
59,"PCA-LDA",NA,0,2,22,3,2,5
60,"CCA-LDA",NA,0,2,23,3,2,5
60,"PCA-LDA",NA,0,2,25,3,2,5
61,"CCA-LDA",NA,0,2,16,3,2,5
61,"PCA-LDA",NA,0,2,14,3,2,5
62,"CCA-LDA",NA,0,2,11,3,2,5
62,"PCA-LDA",NA,0,2,15,3,2,5
63,"CCA-LDA",NA,0,2,14,3,2,5
63,"PCA-LDA",NA,0,2,14,3,2,5
64,"CCA-LDA",NA,0,2,13,3,2,5
64,"PCA-LDA",NA,0,2,21,3,2,5
65,"CCA-LDA",NA,0,2,9,3,2,5
65,"PCA-LDA",NA,0,2,23,3,2,5
66,"CCA-LDA",NA,0,2,13,3,2,5
66,"PCA-LDA",NA,0,2,18,3,2,5
67,"CCA-LDA",NA,0,2,14,3,2,5
67,"PCA-LDA",NA,0,2,26,3,2,5
68,"CCA-LDA",NA,0,2,12,3,2,5
68,"PCA-LDA",NA,0,2,21,3,2,5
69,"CCA-LDA",NA,0,2,21,3,2,5
69,"PCA-LDA",NA,0,2,31,3,2,5
70,"CCA-LDA",NA,0,2,18,3,2,5
70,"PCA-LDA",NA,0,2,18,3,2,5
71,"CCA-LDA",NA,0,2,14,3,2,5
71,"PCA-LDA",NA,0,2,9,3,2,5
72,"CCA-LDA",NA,0,2,15,3,2,5
72,"PCA-LDA",NA,0,2,19,3,2,5
73,"CCA-LDA",NA,0,2,12,3,2,5
73,"PCA-LDA",NA,0,2,21,3,2,5
74,"CCA-LDA",NA,0,2,6,3,2,5
74,"PCA-LDA",NA,0,2,28,3,2,5
75,"CCA-LDA",NA,0,2,13,3,2,5
75,"PCA-LDA",NA,0,2,22,3,2,5
76,"CCA-LDA",NA,0,2,21,3,2,5
76,"PCA-LDA",NA,0,2,18,3,2,5
77,"CCA-LDA",NA,0,2,19,3,2,5
77,"PCA-LDA",NA,0,2,24,3,2,5
78,"CCA-LDA",NA,0,2,31,3,2,5
78,"PCA-LDA",NA,0,2,28,3,2,5
79,"CCA-LDA",NA,0,2,13,3,2,5
79,"PCA-LDA",NA,0,2,31,3,2,5
80,"CCA-LDA",NA,0,2,14,3,2,5
80,"PCA-LDA",NA,0,2,35,3,2,5
81,"CCA-LDA",NA,0,2,13,3,2,5
81,"PCA-LDA",NA,0,2,15,3,2,5
82,"CCA-LDA",NA,0,2,15,3,2,5
82,"PCA-LDA",NA,0,2,25,3,2,5
83,"CCA-LDA",NA,0,2,12,3,2,5
83,"PCA-LDA",NA,0,2,23,3,2,5
84,"CCA-LDA",NA,0,2,14,3,2,5
84,"PCA-LDA",NA,0,2,23,3,2,5
85,"CCA-LDA",NA,1,2,10,3,2,5
85,"PCA-LDA",NA,0,2,35,3,2,5
86,"CCA-LDA",NA,0,2,8,3,2,5
86,"PCA-LDA",NA,0,2,26,3,2,5
87,"CCA-LDA",NA,0,2,30,3,2,5
87,"PCA-LDA",NA,0,2,15,3,2,5
88,"CCA-LDA",NA,0,2,17,3,2,5
88,"PCA-LDA",NA,0,2,29,3,2,5
89,"CCA-LDA",NA,0,2,9,3,2,5
89,"PCA-LDA",NA,0,2,22,3,2,5
90,"CCA-LDA",NA,0,2,31,3,2,5
90,"PCA-LDA",NA,0,2,18,3,2,5
91,"CCA-LDA",NA,0,2,15,3,2,5
91,"PCA-LDA",NA,0,2,21,3,2,5
92,"CCA-LDA",NA,0,2,8,3,2,5
92,"PCA-LDA",NA,0,2,27,3,2,5
93,"CCA-LDA",NA,0,2,14,3,2,5
93,"PCA-LDA",NA,0,2,26,3,2,5
94,"CCA-LDA",NA,0,2,12,3,2,5
94,"PCA-LDA",NA,0,2,17,3,2,5
95,"CCA-LDA",NA,0,2,8,3,2,5
95,"PCA-LDA",NA,0,2,13,3,2,5
96,"CCA-LDA",NA,0,2,13,3,2,5
96,"PCA-LDA",NA,0,2,23,3,2,5
97,"CCA-LDA",NA,0,2,15,3,2,5
97,"PCA-LDA",NA,0,2,21,3,2,5
98,"CCA-LDA",NA,0,2,13,3,2,5
98,"PCA-LDA",NA,0,2,28,3,2,5
99,"CCA-LDA",NA,0,2,12,3,2,5
99,"PCA-LDA",NA,0,2,10,3,2,5
100,"CCA-LDA",NA,0,2,11,3,2,5
100,"PCA-LDA",NA,0,2,30,3,2,5
101,"CCA-LDA",NA,0,2,14,3,2,5
101,"PCA-LDA",NA,0,2,32,3,2,5
102,"CCA-LDA",NA,0,2,13,3,2,5
102,"PCA-LDA",NA,0,2,22,3,2,5
103,"CCA-LDA",NA,0,2,26,3,2,5
103,"PCA-LDA",NA,0,2,28,3,2,5
104,"CCA-LDA",NA,0,2,18,3,2,5
104,"PCA-LDA",NA,0,2,20,3,2,5
105,"CCA-LDA",NA,0,2,14,3,2,5
105,"PCA-LDA",NA,0,2,23,3,2,5
106,"CCA-LDA",NA,0,2,12,3,2,5
106,"PCA-LDA",NA,0,2,20,3,2,5
107,"CCA-LDA",NA,0,2,12,3,2,5
107,"PCA-LDA",NA,0,2,25,3,2,5
108,"CCA-LDA",NA,0,2,9,3,2,5
108,"PCA-LDA",NA,0,2,17,3,2,5
109,"CCA-LDA",NA,0,2,14,3,2,5
109,"PCA-LDA",NA,0,2,13,3,2,5
110,"CCA-LDA",NA,0,2,12,3,2,5
110,"PCA-LDA",NA,0,2,21,3,2,5
111,"CCA-LDA",NA,0,2,20,3,2,5
111,"PCA-LDA",NA,0,2,21,3,2,5
112,"CCA-LDA",NA,0,2,15,3,2,5
112,"PCA-LDA",NA,0,2,16,3,2,5
113,"CCA-LDA",NA,0,2,15,3,2,5
113,"PCA-LDA",NA,0,2,20,3,2,5
114,"CCA-LDA",NA,0,2,12,3,2,5
114,"PCA-LDA",NA,0,2,14,3,2,5
115,"CCA-LDA",NA,0,2,18,3,2,5
115,"PCA-LDA",NA,0,2,23,3,2,5
116,"CCA-LDA",NA,0,2,13,3,2,5
116,"PCA-LDA",NA,0,2,22,3,2,5
117,"CCA-LDA",NA,0,2,14,3,2,5
117,"PCA-LDA",NA,0,2,14,3,2,5
118,"CCA-LDA",NA,0,2,11,3,2,5
118,"PCA-LDA",NA,0,2,31,3,2,5
119,"CCA-LDA",NA,0,2,13,3,2,5
119,"PCA-LDA",NA,0,2,25,3,2,5
120,"CCA-LDA",NA,0,2,10,3,2,5
120,"PCA-LDA",NA,0,2,9,3,2,5
121,"CCA-LDA",NA,0,2,17,3,2,5
121,"PCA-LDA",NA,0,2,28,3,2,5
122,"CCA-LDA",NA,0,2,12,3,2,5
122,"PCA-LDA",NA,0,2,12,3,2,5
123,"CCA-LDA",NA,0,2,12,3,2,5
123,"PCA-LDA",NA,0,2,26,3,2,5
124,"CCA-LDA",NA,0,2,11,3,2,5
124,"PCA-LDA",NA,0,2,24,3,2,5
125,"CCA-LDA",NA,0,2,14,3,2,5
125,"PCA-LDA",NA,0,2,18,3,2,5
126,"CCA-LDA",NA,0,2,12,3,2,5
126,"PCA-LDA",NA,0,2,24,3,2,5
127,"CCA-LDA",NA,0,2,18,3,2,5
127,"PCA-LDA",NA,0,2,14,3,2,5
128,"CCA-LDA",NA,0,2,28,3,2,5
128,"PCA-LDA",NA,0,2,26,3,2,5
129,"CCA-LDA",NA,0,2,12,3,2,5
129,"PCA-LDA",NA,0,2,16,3,2,5
130,"CCA-LDA",NA,0,2,15,3,2,5
130,"PCA-LDA",NA,0,2,13,3,2,5
131,"CCA-LDA",NA,0,2,14,3,2,5
131,"PCA-LDA",NA,0,2,24,3,2,5
132,"CCA-LDA",NA,0,2,17,3,2,5
132,"PCA-LDA",NA,0,2,21,3,2,5
133,"CCA-LDA",NA,0,2,13,3,2,5
133,"PCA-LDA",NA,0,2,11,3,2,5
134,"CCA-LDA",NA,0,2,12,3,2,5
134,"PCA-LDA",NA,0,2,23,3,2,5
135,"CCA-LDA",NA,0,2,16,3,2,5
135,"PCA-LDA",NA,0,2,28,3,2,5
136,"CCA-LDA",NA,0,2,16,3,2,5
136,"PCA-LDA",NA,0,2,21,3,2,5
137,"CCA-LDA",NA,0,2,13,3,2,5
137,"PCA-LDA",NA,0,2,20,3,2,5
138,"CCA-LDA",NA,0,2,22,3,2,5
138,"PCA-LDA",NA,0,2,22,3,2,5
139,"CCA-LDA",NA,0,2,14,3,2,5
139,"PCA-LDA",NA,0,2,15,3,2,5
140,"CCA-LDA",NA,0,2,9,3,2,5
140,"PCA-LDA",NA,0,2,16,3,2,5
141,"CCA-LDA",NA,0,2,14,3,2,5
141,"PCA-LDA",NA,0,2,28,3,2,5
142,"CCA-LDA",NA,0,2,21,3,2,5
142,"PCA-LDA",NA,0,2,29,3,2,5
143,"CCA-LDA",NA,0,2,13,3,2,5
143,"PCA-LDA",NA,0,2,30,3,2,5
144,"CCA-LDA",NA,0,2,12,3,2,5
144,"PCA-LDA",NA,0,2,8,3,2,5
145,"CCA-LDA",NA,0,2,20,3,2,5
145,"PCA-LDA",NA,0,2,28,3,2,5
146,"CCA-LDA",NA,0,2,9,3,2,5
146,"PCA-LDA",NA,0,2,12,3,2,5
147,"CCA-LDA",NA,0,2,13,3,2,5
147,"PCA-LDA",NA,0,2,21,3,2,5
148,"CCA-LDA",NA,0,2,16,3,2,5
148,"PCA-LDA",NA,0,2,27,3,2,5
149,"CCA-LDA",NA,0,2,13,3,2,5
149,"PCA-LDA",NA,0,2,27,3,2,5
150,"CCA-LDA",NA,0,2,28,3,2,5
150,"PCA-LDA",NA,0,2,18,3,2,5
151,"CCA-LDA",NA,0,2,13,3,2,5
151,"PCA-LDA",NA,0,2,19,3,2,5
152,"CCA-LDA",NA,0,2,22,3,2,5
152,"PCA-LDA",NA,0,2,16,3,2,5
153,"CCA-LDA",NA,0,2,23,3,2,5
153,"PCA-LDA",NA,0,2,29,3,2,5
154,"CCA-LDA",NA,0,2,13,3,2,5
154,"PCA-LDA",NA,0,2,24,3,2,5
155,"CCA-LDA",NA,0,2,26,3,2,5
155,"PCA-LDA",NA,0,2,20,3,2,5
156,"CCA-LDA",NA,0,2,26,3,2,5
156,"PCA-LDA",NA,0,2,16,3,2,5
157,"CCA-LDA",NA,0,2,16,3,2,5
157,"PCA-LDA",NA,0,2,20,3,2,5
158,"CCA-LDA",NA,0,2,23,3,2,5
158,"PCA-LDA",NA,0,2,7,3,2,5
159,"CCA-LDA",NA,0,2,14,3,2,5
159,"PCA-LDA",NA,0,2,22,3,2,5
160,"CCA-LDA",NA,0,2,11,3,2,5
160,"PCA-LDA",NA,0,2,19,3,2,5
161,"CCA-LDA",NA,0,2,14,3,2,5
161,"PCA-LDA",NA,0,2,18,3,2,5
162,"CCA-LDA",NA,0,2,26,3,2,5
162,"PCA-LDA",NA,0,2,29,3,2,5
163,"CCA-LDA",NA,0,2,14,3,2,5
163,"PCA-LDA",NA,0,2,19,3,2,5
164,"CCA-LDA",NA,0,2,34,3,2,5
164,"PCA-LDA",NA,0,2,19,3,2,5
165,"CCA-LDA",NA,0,2,14,3,2,5
165,"PCA-LDA",NA,0,2,7,3,2,5
166,"CCA-LDA",NA,0,2,9,3,2,5
166,"PCA-LDA",NA,0,2,29,3,2,5
167,"CCA-LDA",NA,0,2,12,3,2,5
167,"PCA-LDA",NA,0,2,31,3,2,5
168,"CCA-LDA",NA,0,2,11,3,2,5
168,"PCA-LDA",NA,0,2,22,3,2,5
169,"CCA-LDA",NA,0,2,13,3,2,5
169,"PCA-LDA",NA,0,2,21,3,2,5
170,"CCA-LDA",NA,0,2,14,3,2,5
170,"PCA-LDA",NA,0,2,18,3,2,5
171,"CCA-LDA",NA,0,2,15,3,2,5
171,"PCA-LDA",NA,0,2,25,3,2,5
172,"CCA-LDA",NA,0,2,30,3,2,5
172,"PCA-LDA",NA,0,2,29,3,2,5
173,"CCA-LDA",NA,0,2,10,3,2,5
173,"PCA-LDA",NA,0,2,19,3,2,5
174,"CCA-LDA",NA,0,2,10,3,2,5
174,"PCA-LDA",NA,0,2,17,3,2,5
175,"CCA-LDA",NA,0,2,11,3,2,5
175,"PCA-LDA",NA,0,2,29,3,2,5
176,"CCA-LDA",NA,0,2,12,3,2,5
176,"PCA-LDA",NA,0,2,22,3,2,5
177,"CCA-LDA",NA,0,2,21,3,2,5
177,"PCA-LDA",NA,0,2,25,3,2,5
178,"CCA-LDA",NA,0,2,9,3,2,5
178,"PCA-LDA",NA,0,2,15,3,2,5
179,"CCA-LDA",NA,0,2,23,3,2,5
179,"PCA-LDA",NA,0,2,28,3,2,5
180,"CCA-LDA",NA,0,2,8,3,2,5
180,"PCA-LDA",NA,0,2,25,3,2,5
181,"CCA-LDA",NA,0,2,12,3,2,5
181,"PCA-LDA",NA,0,2,18,3,2,5
182,"CCA-LDA",NA,0,2,17,3,2,5
182,"PCA-LDA",NA,0,2,25,3,2,5
183,"CCA-LDA",NA,0,2,11,3,2,5
183,"PCA-LDA",NA,0,2,19,3,2,5
184,"CCA-LDA",NA,0,2,10,3,2,5
184,"PCA-LDA",NA,0,2,19,3,2,5
185,"CCA-LDA",NA,0,2,17,3,2,5
185,"PCA-LDA",NA,0,2,34,3,2,5
186,"CCA-LDA",NA,0,2,16,3,2,5
186,"PCA-LDA",NA,0,2,31,3,2,5
187,"CCA-LDA",NA,0,2,26,3,2,5
187,"PCA-LDA",NA,0,2,33,3,2,5
188,"CCA-LDA",NA,0,2,19,3,2,5
188,"PCA-LDA",NA,0,2,11,3,2,5
189,"CCA-LDA",NA,0,2,21,3,2,5
189,"PCA-LDA",NA,0,2,24,3,2,5
190,"CCA-LDA",NA,0,2,12,3,2,5
190,"PCA-LDA",NA,0,2,21,3,2,5
191,"CCA-LDA",NA,0,2,16,3,2,5
191,"PCA-LDA",NA,0,2,16,3,2,5
192,"CCA-LDA",NA,0,2,13,3,2,5
192,"PCA-LDA",NA,0,2,26,3,2,5
193,"CCA-LDA",NA,0,2,11,3,2,5
193,"PCA-LDA",NA,0,2,19,3,2,5
194,"CCA-LDA",NA,0,2,12,3,2,5
194,"PCA-LDA",NA,0,2,25,3,2,5
195,"CCA-LDA",NA,0,2,29,3,2,5
195,"PCA-LDA",NA,0,2,25,3,2,5
196,"CCA-LDA",NA,0,2,18,3,2,5
196,"PCA-LDA",NA,0,2,23,3,2,5
197,"CCA-LDA",NA,0,2,12,3,2,5
197,"PCA-LDA",NA,0,2,28,3,2,5
198,"CCA-LDA",NA,0,2,11,3,2,5
198,"PCA-LDA",NA,0,2,24,3,2,5
199,"CCA-LDA",NA,0,2,12,3,2,5
199,"PCA-LDA",NA,0,2,19,3,2,5
200,"CCA-LDA",NA,0,2,13,3,2,5
200,"PCA-LDA",NA,0,2,34,3,2,5
