"obs","n.dims","clas.assigned","clas.true"
1,2,TRUE,TRUE
2,2,TRUE,TRUE
3,2,FALSE,TRUE
4,2,TRUE,TRUE
5,2,FALSE,TRUE
6,2,TRUE,TRUE
7,2,TRUE,TRUE
8,2,FALSE,TRUE
9,2,TRUE,TRUE
10,2,TRUE,TRUE
11,2,TRUE,TRUE
12,2,FALSE,TRUE
13,2,FALSE,TRUE
14,2,TRUE,TRUE
15,2,TRUE,TRUE
16,2,TRUE,TRUE
17,2,FALSE,FALSE
18,2,TRUE,FALSE
19,2,FALSE,FALSE
20,2,TRUE,FALSE
21,2,FALSE,FALSE
22,2,TRUE,FALSE
23,2,TRUE,FALSE
24,2,TRUE,FALSE
25,2,FALSE,FALSE
26,2,FALSE,FALSE
27,2,FALSE,FALSE
28,2,TRUE,FALSE
29,2,FALSE,FALSE
30,2,TRUE,FALSE
31,2,FALSE,FALSE
32,2,FALSE,FALSE
33,2,TRUE,FALSE
34,2,TRUE,FALSE
35,2,FALSE,FALSE
36,2,TRUE,FALSE
37,2,FALSE,FALSE
38,2,FALSE,FALSE
39,2,FALSE,FALSE
40,2,TRUE,FALSE
41,2,TRUE,FALSE
42,2,FALSE,FALSE
43,2,FALSE,FALSE
1,3,TRUE,TRUE
2,3,TRUE,TRUE
3,3,TRUE,TRUE
4,3,TRUE,TRUE
5,3,FALSE,TRUE
6,3,TRUE,TRUE
7,3,TRUE,TRUE
8,3,FALSE,TRUE
9,3,TRUE,TRUE
10,3,TRUE,TRUE
11,3,TRUE,TRUE
12,3,TRUE,TRUE
13,3,FALSE,TRUE
14,3,FALSE,TRUE
15,3,TRUE,TRUE
16,3,FALSE,TRUE
17,3,FALSE,FALSE
18,3,TRUE,FALSE
19,3,FALSE,FALSE
20,3,FALSE,FALSE
21,3,FALSE,FALSE
22,3,TRUE,FALSE
23,3,FALSE,FALSE
24,3,TRUE,FALSE
25,3,FALSE,FALSE
26,3,FALSE,FALSE
27,3,FALSE,FALSE
28,3,FALSE,FALSE
29,3,FALSE,FALSE
30,3,TRUE,FALSE
31,3,FALSE,FALSE
32,3,FALSE,FALSE
33,3,TRUE,FALSE
34,3,TRUE,FALSE
35,3,FALSE,FALSE
36,3,TRUE,FALSE
37,3,FALSE,FALSE
38,3,FALSE,FALSE
39,3,FALSE,FALSE
40,3,FALSE,FALSE
41,3,TRUE,FALSE
42,3,FALSE,FALSE
43,3,FALSE,FALSE
1,4,TRUE,TRUE
2,4,TRUE,TRUE
3,4,TRUE,TRUE
4,4,TRUE,TRUE
5,4,FALSE,TRUE
6,4,TRUE,TRUE
7,4,TRUE,TRUE
8,4,TRUE,TRUE
9,4,TRUE,TRUE
10,4,TRUE,TRUE
11,4,TRUE,TRUE
12,4,TRUE,TRUE
13,4,FALSE,TRUE
14,4,FALSE,TRUE
15,4,TRUE,TRUE
16,4,FALSE,TRUE
17,4,FALSE,FALSE
18,4,TRUE,FALSE
19,4,FALSE,FALSE
20,4,FALSE,FALSE
21,4,FALSE,FALSE
22,4,TRUE,FALSE
23,4,FALSE,FALSE
24,4,TRUE,FALSE
25,4,FALSE,FALSE
26,4,FALSE,FALSE
27,4,FALSE,FALSE
28,4,FALSE,FALSE
29,4,FALSE,FALSE
30,4,TRUE,FALSE
31,4,FALSE,FALSE
32,4,FALSE,FALSE
33,4,TRUE,FALSE
34,4,TRUE,FALSE
35,4,FALSE,FALSE
36,4,TRUE,FALSE
37,4,FALSE,FALSE
38,4,FALSE,FALSE
39,4,FALSE,FALSE
40,4,FALSE,FALSE
41,4,TRUE,FALSE
42,4,TRUE,FALSE
43,4,FALSE,FALSE
1,5,TRUE,TRUE
2,5,TRUE,TRUE
3,5,TRUE,TRUE
4,5,TRUE,TRUE
5,5,FALSE,TRUE
6,5,TRUE,TRUE
7,5,TRUE,TRUE
8,5,TRUE,TRUE
9,5,TRUE,TRUE
10,5,TRUE,TRUE
11,5,TRUE,TRUE
12,5,TRUE,TRUE
13,5,FALSE,TRUE
14,5,FALSE,TRUE
15,5,FALSE,TRUE
16,5,TRUE,TRUE
17,5,FALSE,FALSE
18,5,TRUE,FALSE
19,5,FALSE,FALSE
20,5,FALSE,FALSE
21,5,FALSE,FALSE
22,5,TRUE,FALSE
23,5,FALSE,FALSE
24,5,TRUE,FALSE
25,5,FALSE,FALSE
26,5,FALSE,FALSE
27,5,FALSE,FALSE
28,5,FALSE,FALSE
29,5,FALSE,FALSE
30,5,TRUE,FALSE
31,5,FALSE,FALSE
32,5,FALSE,FALSE
33,5,TRUE,FALSE
34,5,TRUE,FALSE
35,5,FALSE,FALSE
36,5,TRUE,FALSE
37,5,FALSE,FALSE
38,5,FALSE,FALSE
39,5,FALSE,FALSE
40,5,FALSE,FALSE
41,5,TRUE,FALSE
42,5,FALSE,FALSE
43,5,FALSE,FALSE
1,6,TRUE,TRUE
2,6,TRUE,TRUE
3,6,TRUE,TRUE
4,6,FALSE,TRUE
5,6,FALSE,TRUE
6,6,TRUE,TRUE
7,6,TRUE,TRUE
8,6,TRUE,TRUE
9,6,TRUE,TRUE
10,6,TRUE,TRUE
11,6,TRUE,TRUE
12,6,TRUE,TRUE
13,6,FALSE,TRUE
14,6,FALSE,TRUE
15,6,TRUE,TRUE
16,6,TRUE,TRUE
17,6,FALSE,FALSE
18,6,TRUE,FALSE
19,6,FALSE,FALSE
20,6,FALSE,FALSE
21,6,FALSE,FALSE
22,6,FALSE,FALSE
23,6,FALSE,FALSE
24,6,FALSE,FALSE
25,6,FALSE,FALSE
26,6,FALSE,FALSE
27,6,FALSE,FALSE
28,6,TRUE,FALSE
29,6,FALSE,FALSE
30,6,FALSE,FALSE
31,6,FALSE,FALSE
32,6,FALSE,FALSE
33,6,TRUE,FALSE
34,6,FALSE,FALSE
35,6,FALSE,FALSE
36,6,FALSE,FALSE
37,6,FALSE,FALSE
38,6,FALSE,FALSE
39,6,TRUE,FALSE
40,6,TRUE,FALSE
41,6,TRUE,FALSE
42,6,FALSE,FALSE
43,6,FALSE,FALSE
1,7,TRUE,TRUE
2,7,TRUE,TRUE
3,7,TRUE,TRUE
4,7,FALSE,TRUE
5,7,FALSE,TRUE
6,7,TRUE,TRUE
7,7,TRUE,TRUE
8,7,TRUE,TRUE
9,7,TRUE,TRUE
10,7,TRUE,TRUE
11,7,TRUE,TRUE
12,7,TRUE,TRUE
13,7,FALSE,TRUE
14,7,FALSE,TRUE
15,7,TRUE,TRUE
16,7,FALSE,TRUE
17,7,FALSE,FALSE
18,7,TRUE,FALSE
19,7,FALSE,FALSE
20,7,FALSE,FALSE
21,7,FALSE,FALSE
22,7,FALSE,FALSE
23,7,FALSE,FALSE
24,7,FALSE,FALSE
25,7,FALSE,FALSE
26,7,FALSE,FALSE
27,7,FALSE,FALSE
28,7,TRUE,FALSE
29,7,FALSE,FALSE
30,7,FALSE,FALSE
31,7,FALSE,FALSE
32,7,FALSE,FALSE
33,7,TRUE,FALSE
34,7,FALSE,FALSE
35,7,FALSE,FALSE
36,7,FALSE,FALSE
37,7,FALSE,FALSE
38,7,FALSE,FALSE
39,7,TRUE,FALSE
40,7,TRUE,FALSE
41,7,TRUE,FALSE
42,7,FALSE,FALSE
43,7,FALSE,FALSE
1,8,TRUE,TRUE
2,8,TRUE,TRUE
3,8,TRUE,TRUE
4,8,TRUE,TRUE
5,8,FALSE,TRUE
6,8,TRUE,TRUE
7,8,TRUE,TRUE
8,8,TRUE,TRUE
9,8,TRUE,TRUE
10,8,TRUE,TRUE
11,8,TRUE,TRUE
12,8,TRUE,TRUE
13,8,FALSE,TRUE
14,8,FALSE,TRUE
15,8,TRUE,TRUE
16,8,TRUE,TRUE
17,8,FALSE,FALSE
18,8,TRUE,FALSE
19,8,FALSE,FALSE
20,8,FALSE,FALSE
21,8,FALSE,FALSE
22,8,TRUE,FALSE
23,8,FALSE,FALSE
24,8,FALSE,FALSE
25,8,FALSE,FALSE
26,8,FALSE,FALSE
27,8,TRUE,FALSE
28,8,FALSE,FALSE
29,8,FALSE,FALSE
30,8,FALSE,FALSE
31,8,FALSE,FALSE
32,8,FALSE,FALSE
33,8,FALSE,FALSE
34,8,FALSE,FALSE
35,8,FALSE,FALSE
36,8,FALSE,FALSE
37,8,FALSE,FALSE
38,8,FALSE,FALSE
39,8,TRUE,FALSE
40,8,FALSE,FALSE
41,8,FALSE,FALSE
42,8,FALSE,FALSE
43,8,FALSE,FALSE
1,9,TRUE,TRUE
2,9,TRUE,TRUE
3,9,TRUE,TRUE
4,9,TRUE,TRUE
5,9,FALSE,TRUE
6,9,TRUE,TRUE
7,9,TRUE,TRUE
8,9,TRUE,TRUE
9,9,TRUE,TRUE
10,9,TRUE,TRUE
11,9,TRUE,TRUE
12,9,TRUE,TRUE
13,9,FALSE,TRUE
14,9,FALSE,TRUE
15,9,TRUE,TRUE
16,9,TRUE,TRUE
17,9,FALSE,FALSE
18,9,TRUE,FALSE
19,9,FALSE,FALSE
20,9,FALSE,FALSE
21,9,FALSE,FALSE
22,9,FALSE,FALSE
23,9,TRUE,FALSE
24,9,FALSE,FALSE
25,9,FALSE,FALSE
26,9,FALSE,FALSE
27,9,TRUE,FALSE
28,9,FALSE,FALSE
29,9,FALSE,FALSE
30,9,FALSE,FALSE
31,9,FALSE,FALSE
32,9,FALSE,FALSE
33,9,FALSE,FALSE
34,9,FALSE,FALSE
35,9,FALSE,FALSE
36,9,FALSE,FALSE
37,9,FALSE,FALSE
38,9,FALSE,FALSE
39,9,TRUE,FALSE
40,9,FALSE,FALSE
41,9,FALSE,FALSE
42,9,FALSE,FALSE
43,9,FALSE,FALSE
1,10,TRUE,TRUE
2,10,TRUE,TRUE
3,10,TRUE,TRUE
4,10,TRUE,TRUE
5,10,FALSE,TRUE
6,10,TRUE,TRUE
7,10,TRUE,TRUE
8,10,TRUE,TRUE
9,10,TRUE,TRUE
10,10,TRUE,TRUE
11,10,TRUE,TRUE
12,10,TRUE,TRUE
13,10,FALSE,TRUE
14,10,FALSE,TRUE
15,10,TRUE,TRUE
16,10,TRUE,TRUE
17,10,FALSE,FALSE
18,10,TRUE,FALSE
19,10,FALSE,FALSE
20,10,FALSE,FALSE
21,10,FALSE,FALSE
22,10,FALSE,FALSE
23,10,TRUE,FALSE
24,10,FALSE,FALSE
25,10,FALSE,FALSE
26,10,FALSE,FALSE
27,10,TRUE,FALSE
28,10,FALSE,FALSE
29,10,FALSE,FALSE
30,10,FALSE,FALSE
31,10,FALSE,FALSE
32,10,FALSE,FALSE
33,10,FALSE,FALSE
34,10,FALSE,FALSE
35,10,FALSE,FALSE
36,10,FALSE,FALSE
37,10,FALSE,FALSE
38,10,FALSE,FALSE
39,10,TRUE,FALSE
40,10,FALSE,FALSE
41,10,FALSE,FALSE
42,10,FALSE,FALSE
43,10,FALSE,FALSE
1,11,TRUE,TRUE
2,11,TRUE,TRUE
3,11,FALSE,TRUE
4,11,TRUE,TRUE
5,11,TRUE,TRUE
6,11,TRUE,TRUE
7,11,TRUE,TRUE
8,11,TRUE,TRUE
9,11,TRUE,TRUE
10,11,TRUE,TRUE
11,11,TRUE,TRUE
12,11,TRUE,TRUE
13,11,TRUE,TRUE
14,11,TRUE,TRUE
15,11,FALSE,TRUE
16,11,TRUE,TRUE
17,11,FALSE,FALSE
18,11,TRUE,FALSE
19,11,FALSE,FALSE
20,11,FALSE,FALSE
21,11,FALSE,FALSE
22,11,FALSE,FALSE
23,11,FALSE,FALSE
24,11,FALSE,FALSE
25,11,FALSE,FALSE
26,11,FALSE,FALSE
27,11,FALSE,FALSE
28,11,FALSE,FALSE
29,11,FALSE,FALSE
30,11,FALSE,FALSE
31,11,FALSE,FALSE
32,11,FALSE,FALSE
33,11,FALSE,FALSE
34,11,FALSE,FALSE
35,11,FALSE,FALSE
36,11,FALSE,FALSE
37,11,FALSE,FALSE
38,11,FALSE,FALSE
39,11,FALSE,FALSE
40,11,FALSE,FALSE
41,11,FALSE,FALSE
42,11,FALSE,FALSE
43,11,FALSE,FALSE
1,12,TRUE,TRUE
2,12,TRUE,TRUE
3,12,TRUE,TRUE
4,12,TRUE,TRUE
5,12,TRUE,TRUE
6,12,TRUE,TRUE
7,12,TRUE,TRUE
8,12,TRUE,TRUE
9,12,TRUE,TRUE
10,12,TRUE,TRUE
11,12,TRUE,TRUE
12,12,TRUE,TRUE
13,12,TRUE,TRUE
14,12,TRUE,TRUE
15,12,TRUE,TRUE
16,12,TRUE,TRUE
17,12,FALSE,FALSE
18,12,TRUE,FALSE
19,12,FALSE,FALSE
20,12,FALSE,FALSE
21,12,FALSE,FALSE
22,12,FALSE,FALSE
23,12,FALSE,FALSE
24,12,FALSE,FALSE
25,12,FALSE,FALSE
26,12,FALSE,FALSE
27,12,FALSE,FALSE
28,12,FALSE,FALSE
29,12,FALSE,FALSE
30,12,FALSE,FALSE
31,12,FALSE,FALSE
32,12,FALSE,FALSE
33,12,FALSE,FALSE
34,12,FALSE,FALSE
35,12,FALSE,FALSE
36,12,FALSE,FALSE
37,12,FALSE,FALSE
38,12,FALSE,FALSE
39,12,FALSE,FALSE
40,12,FALSE,FALSE
41,12,FALSE,FALSE
42,12,FALSE,FALSE
43,12,FALSE,FALSE
1,13,TRUE,TRUE
2,13,TRUE,TRUE
3,13,TRUE,TRUE
4,13,TRUE,TRUE
5,13,TRUE,TRUE
6,13,TRUE,TRUE
7,13,TRUE,TRUE
8,13,TRUE,TRUE
9,13,TRUE,TRUE
10,13,TRUE,TRUE
11,13,TRUE,TRUE
12,13,TRUE,TRUE
13,13,TRUE,TRUE
14,13,TRUE,TRUE
15,13,TRUE,TRUE
16,13,TRUE,TRUE
17,13,FALSE,FALSE
18,13,TRUE,FALSE
19,13,FALSE,FALSE
20,13,FALSE,FALSE
21,13,FALSE,FALSE
22,13,FALSE,FALSE
23,13,FALSE,FALSE
24,13,FALSE,FALSE
25,13,FALSE,FALSE
26,13,FALSE,FALSE
27,13,FALSE,FALSE
28,13,FALSE,FALSE
29,13,FALSE,FALSE
30,13,FALSE,FALSE
31,13,FALSE,FALSE
32,13,FALSE,FALSE
33,13,FALSE,FALSE
34,13,FALSE,FALSE
35,13,FALSE,FALSE
36,13,FALSE,FALSE
37,13,FALSE,FALSE
38,13,FALSE,FALSE
39,13,FALSE,FALSE
40,13,FALSE,FALSE
41,13,FALSE,FALSE
42,13,FALSE,FALSE
43,13,FALSE,FALSE
1,14,TRUE,TRUE
2,14,TRUE,TRUE
3,14,TRUE,TRUE
4,14,TRUE,TRUE
5,14,TRUE,TRUE
6,14,TRUE,TRUE
7,14,TRUE,TRUE
8,14,TRUE,TRUE
9,14,TRUE,TRUE
10,14,TRUE,TRUE
11,14,TRUE,TRUE
12,14,TRUE,TRUE
13,14,TRUE,TRUE
14,14,FALSE,TRUE
15,14,FALSE,TRUE
16,14,TRUE,TRUE
17,14,FALSE,FALSE
18,14,TRUE,FALSE
19,14,FALSE,FALSE
20,14,FALSE,FALSE
21,14,FALSE,FALSE
22,14,FALSE,FALSE
23,14,FALSE,FALSE
24,14,FALSE,FALSE
25,14,FALSE,FALSE
26,14,FALSE,FALSE
27,14,FALSE,FALSE
28,14,FALSE,FALSE
29,14,FALSE,FALSE
30,14,FALSE,FALSE
31,14,FALSE,FALSE
32,14,FALSE,FALSE
33,14,FALSE,FALSE
34,14,FALSE,FALSE
35,14,FALSE,FALSE
36,14,FALSE,FALSE
37,14,FALSE,FALSE
38,14,FALSE,FALSE
39,14,FALSE,FALSE
40,14,FALSE,FALSE
41,14,FALSE,FALSE
42,14,FALSE,FALSE
43,14,FALSE,FALSE
1,15,TRUE,TRUE
2,15,TRUE,TRUE
3,15,TRUE,TRUE
4,15,TRUE,TRUE
5,15,TRUE,TRUE
6,15,TRUE,TRUE
7,15,TRUE,TRUE
8,15,TRUE,TRUE
9,15,TRUE,TRUE
10,15,TRUE,TRUE
11,15,TRUE,TRUE
12,15,TRUE,TRUE
13,15,TRUE,TRUE
14,15,TRUE,TRUE
15,15,TRUE,TRUE
16,15,TRUE,TRUE
17,15,FALSE,FALSE
18,15,TRUE,FALSE
19,15,FALSE,FALSE
20,15,FALSE,FALSE
21,15,FALSE,FALSE
22,15,FALSE,FALSE
23,15,FALSE,FALSE
24,15,FALSE,FALSE
25,15,FALSE,FALSE
26,15,FALSE,FALSE
27,15,FALSE,FALSE
28,15,FALSE,FALSE
29,15,FALSE,FALSE
30,15,FALSE,FALSE
31,15,FALSE,FALSE
32,15,FALSE,FALSE
33,15,FALSE,FALSE
34,15,FALSE,FALSE
35,15,FALSE,FALSE
36,15,FALSE,FALSE
37,15,FALSE,FALSE
38,15,FALSE,FALSE
39,15,FALSE,FALSE
40,15,FALSE,FALSE
41,15,FALSE,FALSE
42,15,FALSE,FALSE
43,15,FALSE,FALSE
1,16,TRUE,TRUE
2,16,TRUE,TRUE
3,16,TRUE,TRUE
4,16,TRUE,TRUE
5,16,TRUE,TRUE
6,16,TRUE,TRUE
7,16,TRUE,TRUE
8,16,TRUE,TRUE
9,16,TRUE,TRUE
10,16,TRUE,TRUE
11,16,TRUE,TRUE
12,16,TRUE,TRUE
13,16,TRUE,TRUE
14,16,TRUE,TRUE
15,16,TRUE,TRUE
16,16,TRUE,TRUE
17,16,FALSE,FALSE
18,16,TRUE,FALSE
19,16,FALSE,FALSE
20,16,FALSE,FALSE
21,16,FALSE,FALSE
22,16,FALSE,FALSE
23,16,FALSE,FALSE
24,16,FALSE,FALSE
25,16,FALSE,FALSE
26,16,FALSE,FALSE
27,16,FALSE,FALSE
28,16,FALSE,FALSE
29,16,FALSE,FALSE
30,16,FALSE,FALSE
31,16,FALSE,FALSE
32,16,FALSE,FALSE
33,16,FALSE,FALSE
34,16,FALSE,FALSE
35,16,FALSE,FALSE
36,16,FALSE,FALSE
37,16,FALSE,FALSE
38,16,FALSE,FALSE
39,16,FALSE,FALSE
40,16,FALSE,FALSE
41,16,FALSE,FALSE
42,16,FALSE,FALSE
43,16,FALSE,FALSE
1,17,TRUE,TRUE
2,17,TRUE,TRUE
3,17,TRUE,TRUE
4,17,TRUE,TRUE
5,17,TRUE,TRUE
6,17,TRUE,TRUE
7,17,TRUE,TRUE
8,17,TRUE,TRUE
9,17,TRUE,TRUE
10,17,TRUE,TRUE
11,17,TRUE,TRUE
12,17,TRUE,TRUE
13,17,TRUE,TRUE
14,17,TRUE,TRUE
15,17,TRUE,TRUE
16,17,TRUE,TRUE
17,17,FALSE,FALSE
18,17,FALSE,FALSE
19,17,FALSE,FALSE
20,17,FALSE,FALSE
21,17,FALSE,FALSE
22,17,FALSE,FALSE
23,17,FALSE,FALSE
24,17,FALSE,FALSE
25,17,FALSE,FALSE
26,17,FALSE,FALSE
27,17,FALSE,FALSE
28,17,FALSE,FALSE
29,17,FALSE,FALSE
30,17,FALSE,FALSE
31,17,FALSE,FALSE
32,17,FALSE,FALSE
33,17,FALSE,FALSE
34,17,FALSE,FALSE
35,17,FALSE,FALSE
36,17,FALSE,FALSE
37,17,FALSE,FALSE
38,17,FALSE,FALSE
39,17,FALSE,FALSE
40,17,FALSE,FALSE
41,17,FALSE,FALSE
42,17,FALSE,FALSE
43,17,FALSE,FALSE
1,18,TRUE,TRUE
2,18,TRUE,TRUE
3,18,TRUE,TRUE
4,18,TRUE,TRUE
5,18,TRUE,TRUE
6,18,TRUE,TRUE
7,18,TRUE,TRUE
8,18,TRUE,TRUE
9,18,TRUE,TRUE
10,18,TRUE,TRUE
11,18,TRUE,TRUE
12,18,TRUE,TRUE
13,18,TRUE,TRUE
14,18,TRUE,TRUE
15,18,TRUE,TRUE
16,18,TRUE,TRUE
17,18,FALSE,FALSE
18,18,FALSE,FALSE
19,18,FALSE,FALSE
20,18,FALSE,FALSE
21,18,FALSE,FALSE
22,18,FALSE,FALSE
23,18,FALSE,FALSE
24,18,FALSE,FALSE
25,18,FALSE,FALSE
26,18,FALSE,FALSE
27,18,FALSE,FALSE
28,18,FALSE,FALSE
29,18,FALSE,FALSE
30,18,FALSE,FALSE
31,18,FALSE,FALSE
32,18,FALSE,FALSE
33,18,FALSE,FALSE
34,18,FALSE,FALSE
35,18,FALSE,FALSE
36,18,FALSE,FALSE
37,18,FALSE,FALSE
38,18,FALSE,FALSE
39,18,FALSE,FALSE
40,18,FALSE,FALSE
41,18,FALSE,FALSE
42,18,FALSE,FALSE
43,18,FALSE,FALSE
1,19,TRUE,TRUE
2,19,TRUE,TRUE
3,19,TRUE,TRUE
4,19,TRUE,TRUE
5,19,TRUE,TRUE
6,19,TRUE,TRUE
7,19,TRUE,TRUE
8,19,TRUE,TRUE
9,19,TRUE,TRUE
10,19,TRUE,TRUE
11,19,TRUE,TRUE
12,19,TRUE,TRUE
13,19,TRUE,TRUE
14,19,TRUE,TRUE
15,19,TRUE,TRUE
16,19,TRUE,TRUE
17,19,FALSE,FALSE
18,19,FALSE,FALSE
19,19,FALSE,FALSE
20,19,FALSE,FALSE
21,19,FALSE,FALSE
22,19,FALSE,FALSE
23,19,FALSE,FALSE
24,19,FALSE,FALSE
25,19,FALSE,FALSE
26,19,FALSE,FALSE
27,19,FALSE,FALSE
28,19,FALSE,FALSE
29,19,FALSE,FALSE
30,19,FALSE,FALSE
31,19,FALSE,FALSE
32,19,FALSE,FALSE
33,19,FALSE,FALSE
34,19,FALSE,FALSE
35,19,FALSE,FALSE
36,19,FALSE,FALSE
37,19,FALSE,FALSE
38,19,FALSE,FALSE
39,19,FALSE,FALSE
40,19,FALSE,FALSE
41,19,FALSE,FALSE
42,19,FALSE,FALSE
43,19,FALSE,FALSE
1,20,TRUE,TRUE
2,20,TRUE,TRUE
3,20,TRUE,TRUE
4,20,TRUE,TRUE
5,20,TRUE,TRUE
6,20,TRUE,TRUE
7,20,TRUE,TRUE
8,20,TRUE,TRUE
9,20,TRUE,TRUE
10,20,TRUE,TRUE
11,20,TRUE,TRUE
12,20,TRUE,TRUE
13,20,TRUE,TRUE
14,20,TRUE,TRUE
15,20,TRUE,TRUE
16,20,TRUE,TRUE
17,20,FALSE,FALSE
18,20,FALSE,FALSE
19,20,FALSE,FALSE
20,20,FALSE,FALSE
21,20,FALSE,FALSE
22,20,FALSE,FALSE
23,20,FALSE,FALSE
24,20,FALSE,FALSE
25,20,FALSE,FALSE
26,20,FALSE,FALSE
27,20,FALSE,FALSE
28,20,FALSE,FALSE
29,20,FALSE,FALSE
30,20,FALSE,FALSE
31,20,FALSE,FALSE
32,20,FALSE,FALSE
33,20,FALSE,FALSE
34,20,FALSE,FALSE
35,20,FALSE,FALSE
36,20,FALSE,FALSE
37,20,FALSE,FALSE
38,20,FALSE,FALSE
39,20,FALSE,FALSE
40,20,FALSE,FALSE
41,20,FALSE,FALSE
42,20,FALSE,FALSE
43,20,FALSE,FALSE
1,21,TRUE,TRUE
2,21,TRUE,TRUE
3,21,TRUE,TRUE
4,21,TRUE,TRUE
5,21,TRUE,TRUE
6,21,TRUE,TRUE
7,21,TRUE,TRUE
8,21,TRUE,TRUE
9,21,TRUE,TRUE
10,21,TRUE,TRUE
11,21,TRUE,TRUE
12,21,TRUE,TRUE
13,21,TRUE,TRUE
14,21,TRUE,TRUE
15,21,TRUE,TRUE
16,21,TRUE,TRUE
17,21,FALSE,FALSE
18,21,FALSE,FALSE
19,21,FALSE,FALSE
20,21,FALSE,FALSE
21,21,FALSE,FALSE
22,21,FALSE,FALSE
23,21,FALSE,FALSE
24,21,FALSE,FALSE
25,21,FALSE,FALSE
26,21,FALSE,FALSE
27,21,FALSE,FALSE
28,21,FALSE,FALSE
29,21,FALSE,FALSE
30,21,FALSE,FALSE
31,21,FALSE,FALSE
32,21,FALSE,FALSE
33,21,FALSE,FALSE
34,21,FALSE,FALSE
35,21,FALSE,FALSE
36,21,FALSE,FALSE
37,21,FALSE,FALSE
38,21,FALSE,FALSE
39,21,FALSE,FALSE
40,21,FALSE,FALSE
41,21,FALSE,FALSE
42,21,FALSE,FALSE
43,21,FALSE,FALSE
1,22,TRUE,TRUE
2,22,TRUE,TRUE
3,22,TRUE,TRUE
4,22,TRUE,TRUE
5,22,TRUE,TRUE
6,22,TRUE,TRUE
7,22,TRUE,TRUE
8,22,TRUE,TRUE
9,22,TRUE,TRUE
10,22,TRUE,TRUE
11,22,TRUE,TRUE
12,22,TRUE,TRUE
13,22,TRUE,TRUE
14,22,TRUE,TRUE
15,22,TRUE,TRUE
16,22,TRUE,TRUE
17,22,FALSE,FALSE
18,22,FALSE,FALSE
19,22,FALSE,FALSE
20,22,FALSE,FALSE
21,22,FALSE,FALSE
22,22,FALSE,FALSE
23,22,FALSE,FALSE
24,22,FALSE,FALSE
25,22,FALSE,FALSE
26,22,FALSE,FALSE
27,22,FALSE,FALSE
28,22,FALSE,FALSE
29,22,FALSE,FALSE
30,22,FALSE,FALSE
31,22,FALSE,FALSE
32,22,FALSE,FALSE
33,22,FALSE,FALSE
34,22,FALSE,FALSE
35,22,FALSE,FALSE
36,22,FALSE,FALSE
37,22,FALSE,FALSE
38,22,FALSE,FALSE
39,22,FALSE,FALSE
40,22,FALSE,FALSE
41,22,FALSE,FALSE
42,22,FALSE,FALSE
43,22,FALSE,FALSE
1,23,TRUE,TRUE
2,23,TRUE,TRUE
3,23,TRUE,TRUE
4,23,TRUE,TRUE
5,23,TRUE,TRUE
6,23,TRUE,TRUE
7,23,TRUE,TRUE
8,23,TRUE,TRUE
9,23,TRUE,TRUE
10,23,TRUE,TRUE
11,23,TRUE,TRUE
12,23,TRUE,TRUE
13,23,TRUE,TRUE
14,23,TRUE,TRUE
15,23,TRUE,TRUE
16,23,TRUE,TRUE
17,23,FALSE,FALSE
18,23,FALSE,FALSE
19,23,FALSE,FALSE
20,23,FALSE,FALSE
21,23,FALSE,FALSE
22,23,FALSE,FALSE
23,23,FALSE,FALSE
24,23,FALSE,FALSE
25,23,FALSE,FALSE
26,23,FALSE,FALSE
27,23,FALSE,FALSE
28,23,FALSE,FALSE
29,23,FALSE,FALSE
30,23,FALSE,FALSE
31,23,FALSE,FALSE
32,23,FALSE,FALSE
33,23,FALSE,FALSE
34,23,FALSE,FALSE
35,23,FALSE,FALSE
36,23,FALSE,FALSE
37,23,FALSE,FALSE
38,23,FALSE,FALSE
39,23,FALSE,FALSE
40,23,FALSE,FALSE
41,23,FALSE,FALSE
42,23,FALSE,FALSE
43,23,FALSE,FALSE
1,24,TRUE,TRUE
2,24,TRUE,TRUE
3,24,TRUE,TRUE
4,24,TRUE,TRUE
5,24,TRUE,TRUE
6,24,TRUE,TRUE
7,24,TRUE,TRUE
8,24,TRUE,TRUE
9,24,TRUE,TRUE
10,24,TRUE,TRUE
11,24,TRUE,TRUE
12,24,TRUE,TRUE
13,24,TRUE,TRUE
14,24,TRUE,TRUE
15,24,TRUE,TRUE
16,24,TRUE,TRUE
17,24,FALSE,FALSE
18,24,FALSE,FALSE
19,24,FALSE,FALSE
20,24,FALSE,FALSE
21,24,FALSE,FALSE
22,24,FALSE,FALSE
23,24,FALSE,FALSE
24,24,FALSE,FALSE
25,24,FALSE,FALSE
26,24,FALSE,FALSE
27,24,FALSE,FALSE
28,24,FALSE,FALSE
29,24,FALSE,FALSE
30,24,FALSE,FALSE
31,24,FALSE,FALSE
32,24,FALSE,FALSE
33,24,FALSE,FALSE
34,24,FALSE,FALSE
35,24,FALSE,FALSE
36,24,FALSE,FALSE
37,24,FALSE,FALSE
38,24,FALSE,FALSE
39,24,FALSE,FALSE
40,24,FALSE,FALSE
41,24,FALSE,FALSE
42,24,FALSE,FALSE
43,24,FALSE,FALSE
1,25,TRUE,TRUE
2,25,TRUE,TRUE
3,25,TRUE,TRUE
4,25,TRUE,TRUE
5,25,TRUE,TRUE
6,25,TRUE,TRUE
7,25,TRUE,TRUE
8,25,TRUE,TRUE
9,25,TRUE,TRUE
10,25,TRUE,TRUE
11,25,TRUE,TRUE
12,25,TRUE,TRUE
13,25,TRUE,TRUE
14,25,TRUE,TRUE
15,25,TRUE,TRUE
16,25,TRUE,TRUE
17,25,FALSE,FALSE
18,25,FALSE,FALSE
19,25,FALSE,FALSE
20,25,FALSE,FALSE
21,25,FALSE,FALSE
22,25,FALSE,FALSE
23,25,FALSE,FALSE
24,25,FALSE,FALSE
25,25,FALSE,FALSE
26,25,FALSE,FALSE
27,25,FALSE,FALSE
28,25,FALSE,FALSE
29,25,FALSE,FALSE
30,25,FALSE,FALSE
31,25,FALSE,FALSE
32,25,FALSE,FALSE
33,25,FALSE,FALSE
34,25,FALSE,FALSE
35,25,FALSE,FALSE
36,25,FALSE,FALSE
37,25,FALSE,FALSE
38,25,FALSE,FALSE
39,25,FALSE,FALSE
40,25,FALSE,FALSE
41,25,FALSE,FALSE
42,25,FALSE,FALSE
43,25,FALSE,FALSE
1,26,TRUE,TRUE
2,26,TRUE,TRUE
3,26,TRUE,TRUE
4,26,TRUE,TRUE
5,26,TRUE,TRUE
6,26,TRUE,TRUE
7,26,TRUE,TRUE
8,26,TRUE,TRUE
9,26,TRUE,TRUE
10,26,TRUE,TRUE
11,26,TRUE,TRUE
12,26,TRUE,TRUE
13,26,TRUE,TRUE
14,26,TRUE,TRUE
15,26,TRUE,TRUE
16,26,TRUE,TRUE
17,26,FALSE,FALSE
18,26,FALSE,FALSE
19,26,FALSE,FALSE
20,26,FALSE,FALSE
21,26,FALSE,FALSE
22,26,FALSE,FALSE
23,26,FALSE,FALSE
24,26,FALSE,FALSE
25,26,FALSE,FALSE
26,26,FALSE,FALSE
27,26,FALSE,FALSE
28,26,FALSE,FALSE
29,26,FALSE,FALSE
30,26,FALSE,FALSE
31,26,FALSE,FALSE
32,26,FALSE,FALSE
33,26,FALSE,FALSE
34,26,FALSE,FALSE
35,26,FALSE,FALSE
36,26,FALSE,FALSE
37,26,FALSE,FALSE
38,26,FALSE,FALSE
39,26,FALSE,FALSE
40,26,FALSE,FALSE
41,26,FALSE,FALSE
42,26,FALSE,FALSE
43,26,FALSE,FALSE
1,27,TRUE,TRUE
2,27,TRUE,TRUE
3,27,TRUE,TRUE
4,27,TRUE,TRUE
5,27,TRUE,TRUE
6,27,TRUE,TRUE
7,27,TRUE,TRUE
8,27,TRUE,TRUE
9,27,TRUE,TRUE
10,27,TRUE,TRUE
11,27,TRUE,TRUE
12,27,TRUE,TRUE
13,27,TRUE,TRUE
14,27,TRUE,TRUE
15,27,TRUE,TRUE
16,27,TRUE,TRUE
17,27,FALSE,FALSE
18,27,FALSE,FALSE
19,27,FALSE,FALSE
20,27,FALSE,FALSE
21,27,FALSE,FALSE
22,27,FALSE,FALSE
23,27,FALSE,FALSE
24,27,FALSE,FALSE
25,27,FALSE,FALSE
26,27,FALSE,FALSE
27,27,FALSE,FALSE
28,27,FALSE,FALSE
29,27,FALSE,FALSE
30,27,FALSE,FALSE
31,27,FALSE,FALSE
32,27,FALSE,FALSE
33,27,FALSE,FALSE
34,27,FALSE,FALSE
35,27,FALSE,FALSE
36,27,FALSE,FALSE
37,27,FALSE,FALSE
38,27,FALSE,FALSE
39,27,FALSE,FALSE
40,27,FALSE,FALSE
41,27,FALSE,FALSE
42,27,FALSE,FALSE
43,27,FALSE,FALSE
1,28,TRUE,TRUE
2,28,TRUE,TRUE
3,28,TRUE,TRUE
4,28,TRUE,TRUE
5,28,TRUE,TRUE
6,28,TRUE,TRUE
7,28,TRUE,TRUE
8,28,TRUE,TRUE
9,28,TRUE,TRUE
10,28,TRUE,TRUE
11,28,TRUE,TRUE
12,28,TRUE,TRUE
13,28,TRUE,TRUE
14,28,TRUE,TRUE
15,28,TRUE,TRUE
16,28,TRUE,TRUE
17,28,FALSE,FALSE
18,28,FALSE,FALSE
19,28,FALSE,FALSE
20,28,FALSE,FALSE
21,28,FALSE,FALSE
22,28,FALSE,FALSE
23,28,FALSE,FALSE
24,28,FALSE,FALSE
25,28,FALSE,FALSE
26,28,FALSE,FALSE
27,28,FALSE,FALSE
28,28,FALSE,FALSE
29,28,FALSE,FALSE
30,28,FALSE,FALSE
31,28,FALSE,FALSE
32,28,FALSE,FALSE
33,28,FALSE,FALSE
34,28,FALSE,FALSE
35,28,FALSE,FALSE
36,28,FALSE,FALSE
37,28,FALSE,FALSE
38,28,FALSE,FALSE
39,28,FALSE,FALSE
40,28,FALSE,FALSE
41,28,FALSE,FALSE
42,28,FALSE,FALSE
43,28,FALSE,FALSE
1,29,TRUE,TRUE
2,29,TRUE,TRUE
3,29,TRUE,TRUE
4,29,TRUE,TRUE
5,29,TRUE,TRUE
6,29,TRUE,TRUE
7,29,TRUE,TRUE
8,29,TRUE,TRUE
9,29,TRUE,TRUE
10,29,TRUE,TRUE
11,29,TRUE,TRUE
12,29,TRUE,TRUE
13,29,TRUE,TRUE
14,29,TRUE,TRUE
15,29,TRUE,TRUE
16,29,TRUE,TRUE
17,29,FALSE,FALSE
18,29,FALSE,FALSE
19,29,FALSE,FALSE
20,29,FALSE,FALSE
21,29,FALSE,FALSE
22,29,FALSE,FALSE
23,29,FALSE,FALSE
24,29,FALSE,FALSE
25,29,FALSE,FALSE
26,29,FALSE,FALSE
27,29,FALSE,FALSE
28,29,FALSE,FALSE
29,29,FALSE,FALSE
30,29,FALSE,FALSE
31,29,FALSE,FALSE
32,29,FALSE,FALSE
33,29,FALSE,FALSE
34,29,FALSE,FALSE
35,29,FALSE,FALSE
36,29,FALSE,FALSE
37,29,FALSE,FALSE
38,29,FALSE,FALSE
39,29,FALSE,FALSE
40,29,FALSE,FALSE
41,29,FALSE,FALSE
42,29,FALSE,FALSE
43,29,FALSE,FALSE
1,30,TRUE,TRUE
2,30,TRUE,TRUE
3,30,TRUE,TRUE
4,30,TRUE,TRUE
5,30,TRUE,TRUE
6,30,TRUE,TRUE
7,30,TRUE,TRUE
8,30,TRUE,TRUE
9,30,TRUE,TRUE
10,30,TRUE,TRUE
11,30,TRUE,TRUE
12,30,TRUE,TRUE
13,30,TRUE,TRUE
14,30,TRUE,TRUE
15,30,TRUE,TRUE
16,30,TRUE,TRUE
17,30,FALSE,FALSE
18,30,FALSE,FALSE
19,30,FALSE,FALSE
20,30,FALSE,FALSE
21,30,FALSE,FALSE
22,30,FALSE,FALSE
23,30,FALSE,FALSE
24,30,FALSE,FALSE
25,30,FALSE,FALSE
26,30,FALSE,FALSE
27,30,FALSE,FALSE
28,30,FALSE,FALSE
29,30,FALSE,FALSE
30,30,FALSE,FALSE
31,30,FALSE,FALSE
32,30,FALSE,FALSE
33,30,FALSE,FALSE
34,30,FALSE,FALSE
35,30,FALSE,FALSE
36,30,FALSE,FALSE
37,30,FALSE,FALSE
38,30,FALSE,FALSE
39,30,FALSE,FALSE
40,30,FALSE,FALSE
41,30,FALSE,FALSE
42,30,FALSE,FALSE
43,30,FALSE,FALSE
1,31,TRUE,TRUE
2,31,TRUE,TRUE
3,31,TRUE,TRUE
4,31,TRUE,TRUE
5,31,TRUE,TRUE
6,31,TRUE,TRUE
7,31,TRUE,TRUE
8,31,TRUE,TRUE
9,31,TRUE,TRUE
10,31,TRUE,TRUE
11,31,TRUE,TRUE
12,31,TRUE,TRUE
13,31,TRUE,TRUE
14,31,TRUE,TRUE
15,31,TRUE,TRUE
16,31,TRUE,TRUE
17,31,FALSE,FALSE
18,31,FALSE,FALSE
19,31,FALSE,FALSE
20,31,FALSE,FALSE
21,31,FALSE,FALSE
22,31,FALSE,FALSE
23,31,FALSE,FALSE
24,31,FALSE,FALSE
25,31,FALSE,FALSE
26,31,FALSE,FALSE
27,31,FALSE,FALSE
28,31,FALSE,FALSE
29,31,FALSE,FALSE
30,31,FALSE,FALSE
31,31,FALSE,FALSE
32,31,FALSE,FALSE
33,31,FALSE,FALSE
34,31,FALSE,FALSE
35,31,FALSE,FALSE
36,31,FALSE,FALSE
37,31,FALSE,FALSE
38,31,FALSE,FALSE
39,31,FALSE,FALSE
40,31,FALSE,FALSE
41,31,FALSE,FALSE
42,31,FALSE,FALSE
43,31,FALSE,FALSE
1,32,TRUE,TRUE
2,32,TRUE,TRUE
3,32,TRUE,TRUE
4,32,TRUE,TRUE
5,32,TRUE,TRUE
6,32,TRUE,TRUE
7,32,TRUE,TRUE
8,32,TRUE,TRUE
9,32,TRUE,TRUE
10,32,TRUE,TRUE
11,32,TRUE,TRUE
12,32,TRUE,TRUE
13,32,TRUE,TRUE
14,32,TRUE,TRUE
15,32,TRUE,TRUE
16,32,TRUE,TRUE
17,32,FALSE,FALSE
18,32,FALSE,FALSE
19,32,FALSE,FALSE
20,32,FALSE,FALSE
21,32,FALSE,FALSE
22,32,FALSE,FALSE
23,32,FALSE,FALSE
24,32,FALSE,FALSE
25,32,FALSE,FALSE
26,32,FALSE,FALSE
27,32,FALSE,FALSE
28,32,FALSE,FALSE
29,32,FALSE,FALSE
30,32,FALSE,FALSE
31,32,FALSE,FALSE
32,32,FALSE,FALSE
33,32,FALSE,FALSE
34,32,FALSE,FALSE
35,32,FALSE,FALSE
36,32,FALSE,FALSE
37,32,FALSE,FALSE
38,32,FALSE,FALSE
39,32,FALSE,FALSE
40,32,FALSE,FALSE
41,32,FALSE,FALSE
42,32,FALSE,FALSE
43,32,FALSE,FALSE
1,33,TRUE,TRUE
2,33,TRUE,TRUE
3,33,TRUE,TRUE
4,33,TRUE,TRUE
5,33,TRUE,TRUE
6,33,TRUE,TRUE
7,33,TRUE,TRUE
8,33,TRUE,TRUE
9,33,TRUE,TRUE
10,33,TRUE,TRUE
11,33,TRUE,TRUE
12,33,TRUE,TRUE
13,33,TRUE,TRUE
14,33,TRUE,TRUE
15,33,TRUE,TRUE
16,33,TRUE,TRUE
17,33,FALSE,FALSE
18,33,FALSE,FALSE
19,33,FALSE,FALSE
20,33,FALSE,FALSE
21,33,FALSE,FALSE
22,33,FALSE,FALSE
23,33,FALSE,FALSE
24,33,FALSE,FALSE
25,33,FALSE,FALSE
26,33,FALSE,FALSE
27,33,FALSE,FALSE
28,33,FALSE,FALSE
29,33,FALSE,FALSE
30,33,FALSE,FALSE
31,33,FALSE,FALSE
32,33,FALSE,FALSE
33,33,FALSE,FALSE
34,33,FALSE,FALSE
35,33,FALSE,FALSE
36,33,FALSE,FALSE
37,33,FALSE,FALSE
38,33,FALSE,FALSE
39,33,FALSE,FALSE
40,33,FALSE,FALSE
41,33,FALSE,FALSE
42,33,FALSE,FALSE
43,33,FALSE,FALSE
1,34,TRUE,TRUE
2,34,TRUE,TRUE
3,34,TRUE,TRUE
4,34,TRUE,TRUE
5,34,TRUE,TRUE
6,34,TRUE,TRUE
7,34,TRUE,TRUE
8,34,TRUE,TRUE
9,34,TRUE,TRUE
10,34,TRUE,TRUE
11,34,TRUE,TRUE
12,34,TRUE,TRUE
13,34,TRUE,TRUE
14,34,TRUE,TRUE
15,34,TRUE,TRUE
16,34,TRUE,TRUE
17,34,FALSE,FALSE
18,34,FALSE,FALSE
19,34,FALSE,FALSE
20,34,FALSE,FALSE
21,34,FALSE,FALSE
22,34,FALSE,FALSE
23,34,FALSE,FALSE
24,34,FALSE,FALSE
25,34,FALSE,FALSE
26,34,FALSE,FALSE
27,34,FALSE,FALSE
28,34,FALSE,FALSE
29,34,FALSE,FALSE
30,34,FALSE,FALSE
31,34,FALSE,FALSE
32,34,FALSE,FALSE
33,34,FALSE,FALSE
34,34,FALSE,FALSE
35,34,FALSE,FALSE
36,34,FALSE,FALSE
37,34,FALSE,FALSE
38,34,FALSE,FALSE
39,34,FALSE,FALSE
40,34,FALSE,FALSE
41,34,FALSE,FALSE
42,34,FALSE,FALSE
43,34,FALSE,FALSE
1,35,TRUE,TRUE
2,35,TRUE,TRUE
3,35,TRUE,TRUE
4,35,TRUE,TRUE
5,35,TRUE,TRUE
6,35,TRUE,TRUE
7,35,TRUE,TRUE
8,35,TRUE,TRUE
9,35,TRUE,TRUE
10,35,TRUE,TRUE
11,35,TRUE,TRUE
12,35,TRUE,TRUE
13,35,TRUE,TRUE
14,35,TRUE,TRUE
15,35,TRUE,TRUE
16,35,TRUE,TRUE
17,35,FALSE,FALSE
18,35,FALSE,FALSE
19,35,FALSE,FALSE
20,35,FALSE,FALSE
21,35,FALSE,FALSE
22,35,FALSE,FALSE
23,35,FALSE,FALSE
24,35,FALSE,FALSE
25,35,FALSE,FALSE
26,35,FALSE,FALSE
27,35,FALSE,FALSE
28,35,FALSE,FALSE
29,35,FALSE,FALSE
30,35,FALSE,FALSE
31,35,FALSE,FALSE
32,35,FALSE,FALSE
33,35,FALSE,FALSE
34,35,FALSE,FALSE
35,35,FALSE,FALSE
36,35,FALSE,FALSE
37,35,FALSE,FALSE
38,35,FALSE,FALSE
39,35,FALSE,FALSE
40,35,FALSE,FALSE
41,35,FALSE,FALSE
42,35,FALSE,FALSE
43,35,FALSE,FALSE
1,36,TRUE,TRUE
2,36,TRUE,TRUE
3,36,TRUE,TRUE
4,36,TRUE,TRUE
5,36,TRUE,TRUE
6,36,TRUE,TRUE
7,36,TRUE,TRUE
8,36,TRUE,TRUE
9,36,TRUE,TRUE
10,36,TRUE,TRUE
11,36,TRUE,TRUE
12,36,TRUE,TRUE
13,36,TRUE,TRUE
14,36,TRUE,TRUE
15,36,TRUE,TRUE
16,36,TRUE,TRUE
17,36,FALSE,FALSE
18,36,FALSE,FALSE
19,36,FALSE,FALSE
20,36,FALSE,FALSE
21,36,FALSE,FALSE
22,36,FALSE,FALSE
23,36,FALSE,FALSE
24,36,FALSE,FALSE
25,36,FALSE,FALSE
26,36,FALSE,FALSE
27,36,FALSE,FALSE
28,36,FALSE,FALSE
29,36,FALSE,FALSE
30,36,FALSE,FALSE
31,36,FALSE,FALSE
32,36,FALSE,FALSE
33,36,FALSE,FALSE
34,36,FALSE,FALSE
35,36,FALSE,FALSE
36,36,FALSE,FALSE
37,36,FALSE,FALSE
38,36,FALSE,FALSE
39,36,FALSE,FALSE
40,36,FALSE,FALSE
41,36,FALSE,FALSE
42,36,FALSE,FALSE
43,36,FALSE,FALSE
1,37,TRUE,TRUE
2,37,TRUE,TRUE
3,37,TRUE,TRUE
4,37,TRUE,TRUE
5,37,TRUE,TRUE
6,37,TRUE,TRUE
7,37,TRUE,TRUE
8,37,TRUE,TRUE
9,37,TRUE,TRUE
10,37,TRUE,TRUE
11,37,TRUE,TRUE
12,37,TRUE,TRUE
13,37,TRUE,TRUE
14,37,TRUE,TRUE
15,37,TRUE,TRUE
16,37,TRUE,TRUE
17,37,FALSE,FALSE
18,37,FALSE,FALSE
19,37,FALSE,FALSE
20,37,FALSE,FALSE
21,37,FALSE,FALSE
22,37,FALSE,FALSE
23,37,FALSE,FALSE
24,37,FALSE,FALSE
25,37,FALSE,FALSE
26,37,FALSE,FALSE
27,37,FALSE,FALSE
28,37,FALSE,FALSE
29,37,FALSE,FALSE
30,37,FALSE,FALSE
31,37,FALSE,FALSE
32,37,FALSE,FALSE
33,37,FALSE,FALSE
34,37,FALSE,FALSE
35,37,FALSE,FALSE
36,37,FALSE,FALSE
37,37,FALSE,FALSE
38,37,FALSE,FALSE
39,37,FALSE,FALSE
40,37,FALSE,FALSE
41,37,FALSE,FALSE
42,37,FALSE,FALSE
43,37,FALSE,FALSE
1,38,TRUE,TRUE
2,38,TRUE,TRUE
3,38,TRUE,TRUE
4,38,TRUE,TRUE
5,38,TRUE,TRUE
6,38,TRUE,TRUE
7,38,TRUE,TRUE
8,38,TRUE,TRUE
9,38,TRUE,TRUE
10,38,TRUE,TRUE
11,38,TRUE,TRUE
12,38,TRUE,TRUE
13,38,TRUE,TRUE
14,38,TRUE,TRUE
15,38,TRUE,TRUE
16,38,TRUE,TRUE
17,38,FALSE,FALSE
18,38,FALSE,FALSE
19,38,FALSE,FALSE
20,38,FALSE,FALSE
21,38,FALSE,FALSE
22,38,FALSE,FALSE
23,38,FALSE,FALSE
24,38,FALSE,FALSE
25,38,FALSE,FALSE
26,38,FALSE,FALSE
27,38,FALSE,FALSE
28,38,FALSE,FALSE
29,38,FALSE,FALSE
30,38,FALSE,FALSE
31,38,FALSE,FALSE
32,38,FALSE,FALSE
33,38,FALSE,FALSE
34,38,FALSE,FALSE
35,38,FALSE,FALSE
36,38,FALSE,FALSE
37,38,FALSE,FALSE
38,38,FALSE,FALSE
39,38,FALSE,FALSE
40,38,FALSE,FALSE
41,38,FALSE,FALSE
42,38,FALSE,FALSE
43,38,FALSE,FALSE
1,39,TRUE,TRUE
2,39,TRUE,TRUE
3,39,TRUE,TRUE
4,39,TRUE,TRUE
5,39,TRUE,TRUE
6,39,TRUE,TRUE
7,39,TRUE,TRUE
8,39,TRUE,TRUE
9,39,TRUE,TRUE
10,39,TRUE,TRUE
11,39,TRUE,TRUE
12,39,TRUE,TRUE
13,39,TRUE,TRUE
14,39,TRUE,TRUE
15,39,TRUE,TRUE
16,39,TRUE,TRUE
17,39,FALSE,FALSE
18,39,FALSE,FALSE
19,39,FALSE,FALSE
20,39,FALSE,FALSE
21,39,FALSE,FALSE
22,39,FALSE,FALSE
23,39,FALSE,FALSE
24,39,FALSE,FALSE
25,39,FALSE,FALSE
26,39,FALSE,FALSE
27,39,FALSE,FALSE
28,39,FALSE,FALSE
29,39,FALSE,FALSE
30,39,FALSE,FALSE
31,39,FALSE,FALSE
32,39,FALSE,FALSE
33,39,FALSE,FALSE
34,39,FALSE,FALSE
35,39,FALSE,FALSE
36,39,FALSE,FALSE
37,39,FALSE,FALSE
38,39,FALSE,FALSE
39,39,FALSE,FALSE
40,39,FALSE,FALSE
41,39,FALSE,FALSE
42,39,FALSE,FALSE
43,39,FALSE,FALSE
